{
  "experiment": "EXP-S4",
  "design": "cold_start_precampaign",
  "lambda_sweep": [
    0.0,
    0.025,
    0.05,
    0.075,
    0.1,
    0.125,
    0.15,
    0.175,
    0.2,
    0.225,
    0.25,
    0.275,
    0.3,
    0.35,
    0.4,
    0.45,
    0.5
  ],
  "per_lambda_mean_accuracy": [
    41.96666666666666,
    42.36666666666666,
    42.83333333333333,
    43.2,
    43.53333333333334,
    43.7,
    43.8,
    43.733333333333334,
    44.266666666666666,
    44.46666666666667,
    45.0,
    45.53333333333334,
    46.06666666666667,
    47.26666666666667,
    48.03333333333333,
    48.7,
    49.233333333333334
  ],
  "per_lambda_std_accuracy": [
    3.506977172564557,
    3.3942762278740823,
    3.383784863137726,
    3.0919249667480613,
    3.120541263591588,
    3.0820267501903507,
    2.671661987935185,
    2.407396011369037,
    2.3466287875730734,
    2.7736858750286304,
    2.8674417556808756,
    3.4,
    3.840717525555755,
    4.939185717864391,
    5.29664464018915,
    5.894347574866395,
    5.577833111721992
  ],
  "baseline_mean_accuracy": 41.96666666666666,
  "per_lambda_mean_acc_gap": [
    41.96666666666666,
    41.96666666666666,
    41.96666666666666,
    41.96666666666666,
    41.96666666666666,
    41.96666666666666,
    41.96666666666666,
    41.96666666666666,
    41.96666666666666,
    41.96666666666666,
    41.96666666666666,
    41.96666666666666,
    41.96666666666666,
    41.96666666666666,
    41.96666666666666,
    41.96666666666666,
    41.96666666666666
  ],
  "per_lambda_mean_improvement": [
    0.0,
    0.4000000000000007,
    0.8666666666666686,
    1.233333333333335,
    1.5666666666666687,
    1.733333333333335,
    1.833333333333335,
    1.766666666666668,
    2.3,
    2.5000000000000013,
    3.033333333333336,
    3.5666666666666678,
    4.100000000000001,
    5.3000000000000025,
    6.066666666666667,
    6.733333333333334,
    7.266666666666668
  ],
  "per_lambda_std_improvement": [
    0.0,
    0.4898979485566341,
    0.7774602526460394,
    1.3337499349161692,
    1.4761059883656347,
    1.665332799572906,
    1.9278658321228341,
    2.2951639980136025,
    2.7946377224964243,
    3.426206194742064,
    4.039939493496297,
    4.8968243677805,
    5.4161281783617765,
    6.8967786361137895,
    7.3224161161311905,
    8.02052921501374,
    7.73132157741051
  ],
  "per_seed_acc_gap_matrix": [
    [
      36.666666666666664,
      47.0,
      43.666666666666664,
      40.33333333333333,
      39.0,
      41.66666666666667,
      36.666666666666664,
      45.666666666666664,
      44.0,
      45.0
    ],
    [
      36.666666666666664,
      47.0,
      43.666666666666664,
      40.33333333333333,
      39.0,
      41.66666666666667,
      36.666666666666664,
      45.666666666666664,
      44.0,
      45.0
    ],
    [
      36.666666666666664,
      47.0,
      43.666666666666664,
      40.33333333333333,
      39.0,
      41.66666666666667,
      36.666666666666664,
      45.666666666666664,
      44.0,
      45.0
    ],
    [
      36.666666666666664,
      47.0,
      43.666666666666664,
      40.33333333333333,
      39.0,
      41.66666666666667,
      36.666666666666664,
      45.666666666666664,
      44.0,
      45.0
    ],
    [
      36.666666666666664,
      47.0,
      43.666666666666664,
      40.33333333333333,
      39.0,
      41.66666666666667,
      36.666666666666664,
      45.666666666666664,
      44.0,
      45.0
    ],
    [
      36.666666666666664,
      47.0,
      43.666666666666664,
      40.33333333333333,
      39.0,
      41.66666666666667,
      36.666666666666664,
      45.666666666666664,
      44.0,
      45.0
    ],
    [
      36.666666666666664,
      47.0,
      43.666666666666664,
      40.33333333333333,
      39.0,
      41.66666666666667,
      36.666666666666664,
      45.666666666666664,
      44.0,
      45.0
    ],
    [
      36.666666666666664,
      47.0,
      43.666666666666664,
      40.33333333333333,
      39.0,
      41.66666666666667,
      36.666666666666664,
      45.666666666666664,
      44.0,
      45.0
    ],
    [
      36.666666666666664,
      47.0,
      43.666666666666664,
      40.33333333333333,
      39.0,
      41.66666666666667,
      36.666666666666664,
      45.666666666666664,
      44.0,
      45.0
    ],
    [
      36.666666666666664,
      47.0,
      43.666666666666664,
      40.33333333333333,
      39.0,
      41.66666666666667,
      36.666666666666664,
      45.666666666666664,
      44.0,
      45.0
    ],
    [
      36.666666666666664,
      47.0,
      43.666666666666664,
      40.33333333333333,
      39.0,
      41.66666666666667,
      36.666666666666664,
      45.666666666666664,
      44.0,
      45.0
    ],
    [
      36.666666666666664,
      47.0,
      43.666666666666664,
      40.33333333333333,
      39.0,
      41.66666666666667,
      36.666666666666664,
      45.666666666666664,
      44.0,
      45.0
    ],
    [
      36.666666666666664,
      47.0,
      43.666666666666664,
      40.33333333333333,
      39.0,
      41.66666666666667,
      36.666666666666664,
      45.666666666666664,
      44.0,
      45.0
    ],
    [
      36.666666666666664,
      47.0,
      43.666666666666664,
      40.33333333333333,
      39.0,
      41.66666666666667,
      36.666666666666664,
      45.666666666666664,
      44.0,
      45.0
    ],
    [
      36.666666666666664,
      47.0,
      43.666666666666664,
      40.33333333333333,
      39.0,
      41.66666666666667,
      36.666666666666664,
      45.666666666666664,
      44.0,
      45.0
    ],
    [
      36.666666666666664,
      47.0,
      43.666666666666664,
      40.33333333333333,
      39.0,
      41.66666666666667,
      36.666666666666664,
      45.666666666666664,
      44.0,
      45.0
    ],
    [
      36.666666666666664,
      47.0,
      43.666666666666664,
      40.33333333333333,
      39.0,
      41.66666666666667,
      36.666666666666664,
      45.666666666666664,
      44.0,
      45.0
    ]
  ],