{
  "n_seeds": 50,
  "n_alerts": 2000,
  "tau": 0.1,
  "mode": "combined",
  "targets": {
    "T1_static_acc": {
      "n": 50,
      "mean": 0.71652,
      "std": 0.008919,
      "se": 0.001261,
      "ci95_lo": 0.714048,
      "ci95_hi": 0.718992,
      "boot_lo": 0.71402,
      "boot_hi": 0.71893,
      "t_stat": -66.187128,
      "p_value": 0.0
    },
    "T2_learning_dec1000": {
      "n": 50,
      "mean": 0.7887,
      "std": 0.026913,
      "se": 0.003806,
      "ci95_lo": 0.78124,
      "ci95_hi": 0.79616,
      "boot_lo": 0.7812,
      "boot_hi": 0.796,
      "t_stat": -8.223777,
      "p_value": 0.0
    },
    "T3_learning_dec1500": {
      "n": 50,
      "mean": 0.794,
      "std": 0.026496,
      "se": 0.003747,
      "ci95_lo": 0.786656,
      "ci95_hi": 0.801344,
      "boot_lo": 0.7868,
      "boot_hi": 0.8013,
      "t_stat": -6.938685,
      "p_value": 0.0
    },
    "T4_cred_access_dec1000": {
      "n": 50,
      "mean": 0.679559,
      "std": 0.044209,
      "se": 0.006252,
      "ci95_lo": 0.667305,
      "ci95_hi": 0.691813,
      "boot_lo": 0.667446,
      "boot_hi": 0.691444,
      "t_stat": null,
      "p_value": null
    },
    "T5_auto_approve_acc": {
      "n": 50,
      "mean": 0.906737,
      "std": 0.020449,
      "se": 0.002892,
      "ci95_lo": 0.901068,
      "ci95_hi": 0.912405,
      "boot_lo": 0.900931,
      "boot_hi": 0.91208,
      "t_stat": 2.329413,
      "p_value": 0.024003
    }
  },
  "t5_coverage_mean": 0.11502,
  "t5_coverage_std": 0.006982,
  "di06": {
    "mean_delta": 0.0053,
    "std_delta": 0.03888,
    "ci95_lo": -0.005477,
    "ci95_hi": 0.016077,
    "t_stat": 0.96391,
    "p_value": 0.339824,
    "resolved": false
  },
  "per_seed": {
    "t1": [
      0.7225,
      0.736,
      0.718,
      0.726,
      0.704,
      0.7185,
      0.718,
      0.7385,
      0.7115,
      0.7075,
      0.7075,
      0.723,
      0.709,
      0.698,
      0.711,
      0.7205,
      0.725,
      0.713,
      0.727,
      0.7275,
      0.722,
      0.717,
      0.7055,
      0.705,
      0.712,
      0.7285,
      0.709,
      0.718,
      0.727,
      0.7125,
      0.7285,
      0.7105,
      0.7135,
      0.709,
      0.718,
      0.7155,
      0.7155,
      0.718,
      0.7065,
      0.724,
      0.716,
      0.7235,
      0.72,
      0.711,
      0.717,
      0.6935,
      0.717,
      0.712,
      0.7245,
      0.714
    ],
    "t2": [
      0.76,
      0.8,
      0.81,
      0.765,
      0.815,
      0.765,
      0.785,
      0.82,
      0.805,
      0.73,
      0.77,
      0.78,
      0.72,
      0.795,
      0.815,
      0.77,
      0.805,
      0.825,
      0.81,
      0.785,
      0.72,
      0.805,
      0.785,
      0.765,
      0.775,
      0.79,
      0.79,
      0.8,
      0.82,
      0.78,
      0.815,
      0.76,
      0.76,
      0.82,
      0.765,
      0.8,
      0.83,
      0.79,
      0.815,
      0.795,
      0.76,
      0.79,
      0.79,
      0.795,
      0.78,
      0.76,
      0.805,
      0.785,
      0.815,
      0.845
    ],
    "t3": [
      0.795,
      0.79,
      0.805,
      0.795,
      0.76,
      0.82,
      0.82,
      0.795,
      0.8,
      0.85,
      0.835,
      0.785,
      0.785,
      0.83,
      0.765,
      0.785,
      0.775,
      0.79,
      0.825,
      0.84,
      0.785,
      0.8,
      0.765,
      0.785,
      0.8,
      0.785,
      0.82,
      0.81,
      0.755,
      0.77,
      0.78,
      0.74,
      0.775,
      0.805,
      0.755,
      0.795,
      0.775,
      0.77,
      0.815,
      0.81,
      0.825,
      0.755,
      0.835,
      0.75,
      0.805,
      0.785,
      0.82,
      0.765,
      0.84,
      0.78
    ],
    "t4": [
      0.683333,
      0.691919,
      0.641414,
      0.673367,
      0.693069,
      0.556075,
      0.693548,
      0.701031,
      0.661692,
      0.636364,
      0.623853,
      0.742574,
      0.662983,
      0.643902,
      0.626263,
      0.713568,
      0.666667,
      0.681373,
      0.705584,
      0.668421,
      0.665158,
      0.649533,
      0.717822,
      0.659794,
      0.650718,
      0.663415,
      0.617801,
      0.688623,
      0.730159,
      0.741294,
      0.746114,
      0.653846,
      0.600985,
      0.731132,
      0.6875,
      0.699074,
      0.77027,
      0.761468,
      0.745833,
      0.708995,
      0.663415,
      0.651685,
      0.705521,
      0.647343,
      0.680751,
      0.590643,
      0.728972,
      0.673797,
      0.693122,
      0.68617
    ],
    "t5": [
      0.909091,
      0.912844,
      0.911894,
      0.924686,
      0.887931,
      0.919283,
      0.914692,
      0.912863,
      0.878543,
      0.925926,
      0.910377,
      0.906667,
      0.869369,
      0.891892,
      0.861905,
      0.893519,
      0.894309,
      0.925926,
      0.915254,
      0.903614,
      0.923387,
      0.936585,
      0.859155,
      0.904564,
      0.929204,
      0.928571,
      0.889868,
      0.917073,
      0.933054,
      0.918367,
      0.899598,
      0.906504,
      0.919831,
      0.926407,
      0.926606,
      0.935065,
      0.912863,
      0.897196,
      0.886957,
      0.876596,
      0.913043,
      0.915493,
      0.914692,
      0.925926,
      0.895197,
      0.884444,
      0.893805,
      0.850575,
      0.92562,
      0.92
    ],
    "t5_pct": [
      0.1155,
      0.109,
      0.1135,
      0.1195,
      0.116,
      0.1115,
      0.1055,
      0.1205,
      0.1235,
      0.108,
      0.106,
      0.1125,
      0.111,
      0.111,
      0.105,
      0.108,
      0.123,
      0.108,
      0.118,
      0.1245,
      0.124,
      0.1025,
      0.1065,
      0.1205,
      0.113,
      0.126,
      0.1135,
      0.1025,
      0.1195,
      0.1225,
      0.1245,
      0.123,
      0.1185,
      0.1155,
      0.109,
      0.1155,
      0.1205,
      0.107,
      0.115,
      0.1175,
      0.115,
      0.1065,
      0.1055,
      0.1215,
      0.1145,
      0.1125,
      0.113,
      0.1305,
      0.121,
      0.125
    ],
    "delta_t3_t2": [
      0.035,
      -0.01,
      -0.005,
      0.03,
      -0.055,
      0.055,
      0.035,
      -0.025,
      -0.005,
      0.12,
      0.065,
      0.005,
      0.065,
      0.035,
      -0.05,
      0.015,
      -0.03,
      -0.035,
      0.015,
      0.055,
      0.065,
      -0.005,
      -0.02,
      0.02,
      0.025,
      -0.005,
      0.03,
      0.01,
      -0.065,
      -0.01,
      -0.035,
      -0.02,
      0.015,
      -0.015,
      -0.01,
      -0.005,
      -0.055,
      -0.02,
      0.0,
      0.015,
      0.065,
      -0.035,
      0.045,
      -0.045,
      0.025,
      0.025,
      0.015,
      -0.02,
      0.025,
      -0.065
    ]
  },
  "references_10seed": {
    "T1": 0.7145,
    "T2": 0.7765,
    "T3": 0.8,
    "T4": 0.664,
    "T5": 0.9147
  }
}