condition,volume,q_bar,margin,seed,alarm_fired,alarm_index,t_damage,lead_time,miss,baseline_q,k_used
adversarial,50,0.6,0.02,6050000,False,,150,,True,0.6016,0.5816
adversarial,50,0.6,0.02,6050001,False,,414,,True,0.4629,0.4429
adversarial,50,0.6,0.02,6050002,False,,,,,0.6167,0.5967
adversarial,50,0.6,0.02,6050003,True,79,,,,0.7276,0.7076
adversarial,50,0.6,0.02,6050004,True,303,,,,0.6426,0.6226
adversarial,50,0.6,0.02,6050005,True,82,,,,0.8262,0.8062
adversarial,50,0.6,0.02,6050006,False,,324,,True,0.5716,0.5516
adversarial,50,0.6,0.02,6050007,False,,203,,True,0.5735,0.5535
adversarial,50,0.6,0.02,6050008,True,204,146,-58,True,0.6944,0.6744
adversarial,50,0.6,0.02,6050009,True,400,,,,0.6788,0.6588
adversarial,50,0.6,0.02,6050010,True,89,,,,0.7048,0.6848
adversarial,50,0.6,0.02,6050011,True,147,148,1,False,0.6626,0.6426
adversarial,50,0.6,0.02,6050012,True,100,349,249,False,0.7021,0.6821
adversarial,50,0.6,0.02,6050013,True,97,,,,0.7895,0.7695
adversarial,50,0.6,0.02,6050014,False,,172,,True,0.6080,0.5880
adversarial,50,0.6,0.02,6050015,True,469,187,-282,True,0.6324,0.6124
adversarial,50,0.6,0.02,6050016,True,141,472,331,False,0.7559,0.7359
adversarial,50,0.6,0.02,6050017,True,111,301,190,False,0.6978,0.6778
adversarial,50,0.6,0.02,6050018,True,82,358,276,False,0.9287,0.9087
adversarial,50,0.6,0.02,6050019,True,129,231,102,False,0.7225,0.7025
adversarial,50,0.6,0.02,6050020,False,,240,,True,0.4925,0.4725
adversarial,50,0.6,0.02,6050021,True,242,484,242,False,0.6662,0.6462
adversarial,50,0.6,0.02,6050022,False,,,,,0.5535,0.5335
adversarial,50,0.6,0.02,6050023,True,469,,,,0.6161,0.5961
adversarial,50,0.6,0.02,6050024,False,,491,,True,0.5692,0.5492
adversarial,50,0.6,0.02,6050025,True,181,178,-3,True,0.6961,0.6761
adversarial,50,0.6,0.02,6050026,True,202,161,-41,True,0.6669,0.6469
adversarial,50,0.6,0.02,6050027,True,111,463,352,False,0.7543,0.7343
adversarial,50,0.6,0.02,6050028,True,76,,,,0.8135,0.7935
adversarial,50,0.6,0.02,6050029,True,89,441,352,False,0.6932,0.6732
adversarial,50,0.6,0.03,6050000,False,,150,,True,0.6016,0.5716
adversarial,50,0.6,0.03,6050001,False,,414,,True,0.4629,0.4329
adversarial,50,0.6,0.03,6050002,False,,,,,0.6167,0.5867
adversarial,50,0.6,0.03,6050003,True,80,,,,0.7276,0.6976
adversarial,50,0.6,0.03,6050004,False,,,,,0.6426,0.6126
adversarial,50,0.6,0.03,6050005,True,83,,,,0.8262,0.7962
adversarial,50,0.6,0.03,6050006,False,,324,,True,0.5716,0.5416
adversarial,50,0.6,0.03,6050007,False,,203,,True,0.5735,0.5435
adversarial,50,0.6,0.03,6050008,True,257,146,-111,True,0.6944,0.6644
adversarial,50,0.6,0.03,6050009,False,,,,,0.6788,0.6488
adversarial,50,0.6,0.03,6050010,True,93,,,,0.7048,0.6748
adversarial,50,0.6,0.03,6050011,True,152,148,-4,True,0.6626,0.6326
adversarial,50,0.6,0.03,6050012,True,104,349,245,False,0.7021,0.6721
adversarial,50,0.6,0.03,6050013,True,99,,,,0.7895,0.7595
adversarial,50,0.6,0.03,6050014,False,,172,,True,0.6080,0.5780
adversarial,50,0.6,0.03,6050015,True,494,187,-307,True,0.6324,0.6024
adversarial,50,0.6,0.03,6050016,True,146,472,326,False,0.7559,0.7259
adversarial,50,0.6,0.03,6050017,True,303,301,-2,True,0.6978,0.6678
adversarial,50,0.6,0.03,6050018,True,84,358,274,False,0.9287,0.8987
adversarial,50,0.6,0.03,6050019,True,131,231,100,False,0.7225,0.6925
adversarial,50,0.6,0.03,6050020,False,,240,,True,0.4925,0.4625
adversarial,50,0.6,0.03,6050021,True,476,484,8,False,0.6662,0.6362
adversarial,50,0.6,0.03,6050022,False,,,,,0.5535,0.5235
adversarial,50,0.6,0.03,6050023,True,489,,,,0.6161,0.5861
adversarial,50,0.6,0.03,6050024,False,,491,,True,0.5692,0.5392
adversarial,50,0.6,0.03,6050025,True,183,178,-5,True,0.6961,0.6661
adversarial,50,0.6,0.03,6050026,True,205,161,-44,True,0.6669,0.6369
adversarial,50,0.6,0.03,6050027,True,120,463,343,False,0.7543,0.7243
adversarial,50,0.6,0.03,6050028,True,76,,,,0.8135,0.7835
adversarial,50,0.6,0.03,6050029,True,90,441,351,False,0.6932,0.6632
adversarial,50,0.6,0.05,6050000,False,,150,,True,0.6016,0.5516
adversarial,50,0.6,0.05,6050001,False,,414,,True,0.4629,0.4129
adversarial,50,0.6,0.05,6050002,False,,,,,0.6167,0.5667
adversarial,50,0.6,0.05,6050003,True,82,,,,0.7276,0.6776
adversarial,50,0.6,0.05,6050004,False,,,,,0.6426,0.5926
adversarial,50,0.6,0.05,6050005,True,89,,,,0.8262,0.7762
adversarial,50,0.6,0.05,6050006,False,,324,,True,0.5716,0.5216
adversarial,50,0.6,0.05,6050007,False,,203,,True,0.5735,0.5235
adversarial,50,0.6,0.05,6050008,True,275,146,-129,True,0.6944,0.6444
adversarial,50,0.6,0.05,6050009,False,,,,,0.6788,0.6288
adversarial,50,0.6,0.05,6050010,True,109,,,,0.7048,0.6548
adversarial,50,0.6,0.05,6050011,True,202,148,-54,True,0.6626,0.6126
adversarial,50,0.6,0.05,6050012,True,336,349,13,False,0.7021,0.6521
adversarial,50,0.6,0.05,6050013,True,104,,,,0.7895,0.7395
adversarial,50,0.6,0.05,6050014,False,,172,,True,0.6080,0.5580
adversarial,50,0.6,0.05,6050015,False,,187,,True,0.6324,0.5824
adversarial,50,0.6,0.05,6050016,True,164,472,308,False,0.7559,0.7059
adversarial,50,0.6,0.05,6050017,True,307,301,-6,True,0.6978,0.6478
adversarial,50,0.6,0.05,6050018,True,92,358,266,False,0.9287,0.8787
adversarial,50,0.6,0.05,6050019,True,139,231,92,False,0.7225,0.6725
adversarial,50,0.6,0.05,6050020,False,,240,,True,0.4925,0.4425
adversarial,50,0.6,0.05,6050021,True,479,484,5,False,0.6662,0.6162
adversarial,50,0.6,0.05,6050022,False,,,,,0.5535,0.5035
adversarial,50,0.6,0.05,6050023,False,,,,,0.6161,0.5661
adversarial,50,0.6,0.05,6050024,False,,491,,True,0.5692,0.5192
adversarial,50,0.6,0.05,6050025,True,187,178,-9,True,0.6961,0.6461
adversarial,50,0.6,0.05,6050026,True,243,161,-82,True,0.6669,0.6169
adversarial,50,0.6,0.05,6050027,True,141,463,322,False,0.7543,0.7043
adversarial,50,0.6,0.05,6050028,True,78,,,,0.8135,0.7635
adversarial,50,0.6,0.05,6050029,True,93,441,348,False,0.6932,0.6432
adversarial,50,0.6,0.08,6050000,False,,150,,True,0.6016,0.5216
adversarial,50,0.6,0.08,6050001,False,,414,,True,0.4629,0.3829
adversarial,50,0.6,0.08,6050002,False,,,,,0.6167,0.5367
adversarial,50,0.6,0.08,6050003,False,,,,,0.7276,0.6476
adversarial,50,0.6,0.08,6050004,False,,,,,0.6426,0.5626
adversarial,50,0.6,0.08,6050005,True,99,,,,0.8262,0.7462
adversarial,50,0.6,0.08,6050006,False,,324,,True,0.5716,0.4916
adversarial,50,0.6,0.08,6050007,False,,203,,True,0.5735,0.4935
adversarial,50,0.6,0.08,6050008,True,466,146,-320,True,0.6944,0.6144
adversarial,50,0.6,0.08,6050009,False,,,,,0.6788,0.5988
adversarial,50,0.6,0.08,6050010,True,323,,,,0.7048,0.6248
adversarial,50,0.6,0.08,6050011,False,,148,,True,0.6626,0.5826
adversarial,50,0.6,0.08,6050012,False,,349,,True,0.7021,0.6221
adversarial,50,0.6,0.08,6050013,True,127,,,,0.7895,0.7095
adversarial,50,0.6,0.08,6050014,False,,172,,True,0.6080,0.5280
adversarial,50,0.6,0.08,6050015,False,,187,,True,0.6324,0.5524
adversarial,50,0.6,0.08,6050016,True,233,472,239,False,0.7559,0.6759
adversarial,50,0.6,0.08,6050017,True,314,301,-13,True,0.6978,0.6178
adversarial,50,0.6,0.08,6050018,True,99,358,259,False,0.9287,0.8487
adversarial,50,0.6,0.08,6050019,True,220,231,11,False,0.7225,0.6425
adversarial,50,0.6,0.08,6050020,False,,240,,True,0.4925,0.4125
adversarial,50,0.6,0.08,6050021,True,482,484,2,False,0.6662,0.5862
adversarial,50,0.6,0.08,6050022,False,,,,,0.5535,0.4735
adversarial,50,0.6,0.08,6050023,False,,,,,0.6161,0.5361
adversarial,50,0.6,0.08,6050024,False,,491,,True,0.5692,0.4892
adversarial,50,0.6,0.08,6050025,True,198,178,-20,True,0.6961,0.6161
adversarial,50,0.6,0.08,6050026,False,,161,,True,0.6669,0.5869
adversarial,50,0.6,0.08,6050027,True,267,463,196,False,0.7543,0.6743
adversarial,50,0.6,0.08,6050028,True,83,,,,0.8135,0.7335
adversarial,50,0.6,0.08,6050029,True,102,441,339,False,0.6932,0.6132
adversarial,50,0.6,0.1,6050000,False,,150,,True,0.6016,0.5016
adversarial,50,0.6,0.1,6050001,False,,414,,True,0.4629,0.3629
adversarial,50,0.6,0.1,6050002,False,,,,,0.6167,0.5167
adversarial,50,0.6,0.1,6050003,False,,,,,0.7276,0.6276
adversarial,50,0.6,0.1,6050004,False,,,,,0.6426,0.5426
adversarial,50,0.6,0.1,6050005,True,115,,,,0.8262,0.7262
adversarial,50,0.6,0.1,6050006,False,,324,,True,0.5716,0.4716
adversarial,50,0.6,0.1,6050007,False,,203,,True,0.5735,0.4735
adversarial,50,0.6,0.1,6050008,False,,146,,True,0.6944,0.5944
adversarial,50,0.6,0.1,6050009,False,,,,,0.6788,0.5788
adversarial,50,0.6,0.1,6050010,False,,,,,0.7048,0.6048
adversarial,50,0.6,0.1,6050011,False,,148,,True,0.6626,0.5626
adversarial,50,0.6,0.1,6050012,False,,349,,True,0.7021,0.6021
adversarial,50,0.6,0.1,6050013,True,140,,,,0.7895,0.6895
adversarial,50,0.6,0.1,6050014,False,,172,,True,0.6080,0.5080
adversarial,50,0.6,0.1,6050015,False,,187,,True,0.6324,0.5324
adversarial,50,0.6,0.1,6050016,True,262,472,210,False,0.7559,0.6559
adversarial,50,0.6,0.1,6050017,True,324,301,-23,True,0.6978,0.5978
adversarial,50,0.6,0.1,6050018,True,105,358,253,False,0.9287,0.8287
adversarial,50,0.6,0.1,6050019,True,232,231,-1,True,0.7225,0.6225
adversarial,50,0.6,0.1,6050020,False,,240,,True,0.4925,0.3925
adversarial,50,0.6,0.1,6050021,True,484,484,0,True,0.6662,0.5662
adversarial,50,0.6,0.1,6050022,False,,,,,0.5535,0.4535
adversarial,50,0.6,0.1,6050023,False,,,,,0.6161,0.5161
adversarial,50,0.6,0.1,6050024,False,,491,,True,0.5692,0.4692
adversarial,50,0.6,0.1,6050025,True,201,178,-23,True,0.6961,0.5961
adversarial,50,0.6,0.1,6050026,False,,161,,True,0.6669,0.5669
adversarial,50,0.6,0.1,6050027,True,277,463,186,False,0.7543,0.6543
adversarial,50,0.6,0.1,6050028,True,85,,,,0.8135,0.7135
adversarial,50,0.6,0.1,6050029,True,447,441,-6,True,0.6932,0.5932
adversarial,50,0.75,0.02,7550000,True,75,268,193,False,0.8446,0.8246
adversarial,50,0.75,0.02,7550001,True,371,262,-109,True,0.7402,0.7202
adversarial,50,0.75,0.02,7550002,False,,144,,True,0.5842,0.5642
adversarial,50,0.75,0.02,7550003,True,119,,,,0.8629,0.8429
adversarial,50,0.75,0.02,7550004,True,104,,,,0.8535,0.8335
adversarial,50,0.75,0.02,7550005,True,148,190,42,False,0.8717,0.8517
adversarial,50,0.75,0.02,7550006,False,,,,,0.7198,0.6998
adversarial,50,0.75,0.02,7550007,True,135,,,,0.7568,0.7368
adversarial,50,0.75,0.02,7550008,True,256,,,,0.7919,0.7719
adversarial,50,0.75,0.02,7550009,False,,213,,True,0.6960,0.6760
adversarial,50,0.75,0.02,7550010,True,119,,,,0.8224,0.8024
adversarial,50,0.75,0.02,7550011,True,165,145,-20,True,0.7995,0.7795
adversarial,50,0.75,0.02,7550012,True,401,396,-5,True,0.6962,0.6762
adversarial,50,0.75,0.02,7550013,False,,,,,0.6162,0.5962
adversarial,50,0.75,0.02,7550014,True,134,144,10,False,0.8504,0.8304
adversarial,50,0.75,0.02,7550015,False,,195,,True,0.6690,0.6490
adversarial,50,0.75,0.02,7550016,True,232,293,61,False,0.8415,0.8215
adversarial,50,0.75,0.02,7550017,True,130,329,199,False,0.8909,0.8709
adversarial,50,0.75,0.02,7550018,False,,349,,True,0.6972,0.6772
adversarial,50,0.75,0.02,7550019,False,,,,,0.7282,0.7082
adversarial,50,0.75,0.02,7550020,False,,243,,True,0.6333,0.6133
adversarial,50,0.75,0.02,7550021,True,104,145,41,False,0.9114,0.8914
adversarial,50,0.75,0.02,7550022,False,,144,,True,0.7377,0.7177
adversarial,50,0.75,0.02,7550023,True,210,208,-2,True,0.8218,0.8018
adversarial,50,0.75,0.02,7550024,True,116,,,,0.8561,0.8361
adversarial,50,0.75,0.02,7550025,False,,,,,0.6085,0.5885
adversarial,50,0.75,0.02,7550026,True,87,,,,0.9014,0.8814
adversarial,50,0.75,0.02,7550027,True,177,188,11,False,0.8357,0.8157
adversarial,50,0.75,0.02,7550028,False,,,,,0.5698,0.5498
adversarial,50,0.75,0.02,7550029,False,,,,,0.6911,0.6711
adversarial,50,0.75,0.03,7550000,True,75,268,193,False,0.8446,0.8146
adversarial,50,0.75,0.03,7550001,True,382,262,-120,True,0.7402,0.7102
adversarial,50,0.75,0.03,7550002,False,,144,,True,0.5842,0.5542
adversarial,50,0.75,0.03,7550003,True,148,,,,0.8629,0.8329
adversarial,50,0.75,0.03,7550004,True,107,,,,0.8535,0.8235
adversarial,50,0.75,0.03,7550005,True,159,190,31,False,0.8717,0.8417
adversarial,50,0.75,0.03,7550006,False,,,,,0.7198,0.6898
adversarial,50,0.75,0.03,7550007,True,140,,,,0.7568,0.7268
adversarial,50,0.75,0.03,7550008,True,498,,,,0.7919,0.7619
adversarial,50,0.75,0.03,7550009,False,,213,,True,0.6960,0.6660
adversarial,50,0.75,0.03,7550010,True,122,,,,0.8224,0.7924
adversarial,50,0.75,0.03,7550011,True,173,145,-28,True,0.7995,0.7695
adversarial,50,0.75,0.03,7550012,True,403,396,-7,True,0.6962,0.6662
adversarial,50,0.75,0.03,7550013,False,,,,,0.6162,0.5862
adversarial,50,0.75,0.03,7550014,True,137,144,7,False,0.8504,0.8204
adversarial,50,0.75,0.03,7550015,False,,195,,True,0.6690,0.6390
adversarial,50,0.75,0.03,7550016,True,252,293,41,False,0.8415,0.8115
adversarial,50,0.75,0.03,7550017,True,138,329,191,False,0.8909,0.8609
adversarial,50,0.75,0.03,7550018,False,,349,,True,0.6972,0.6672
adversarial,50,0.75,0.03,7550019,False,,,,,0.7282,0.6982
adversarial,50,0.75,0.03,7550020,False,,243,,True,0.6333,0.6033
adversarial,50,0.75,0.03,7550021,True,107,145,38,False,0.9114,0.8814
adversarial,50,0.75,0.03,7550022,False,,144,,True,0.7377,0.7077
adversarial,50,0.75,0.03,7550023,True,211,208,-3,True,0.8218,0.7918
adversarial,50,0.75,0.03,7550024,True,126,,,,0.8561,0.8261
adversarial,50,0.75,0.03,7550025,False,,,,,0.6085,0.5785
adversarial,50,0.75,0.03,7550026,True,89,,,,0.9014,0.8714
adversarial,50,0.75,0.03,7550027,True,182,188,6,False,0.8357,0.8057
adversarial,50,0.75,0.03,7550028,False,,,,,0.5698,0.5398
adversarial,50,0.75,0.03,7550029,False,,,,,0.6911,0.6611
adversarial,50,0.75,0.05,7550000,True,76,268,192,False,0.8446,0.7946
adversarial,50,0.75,0.05,7550001,False,,262,,True,0.7402,0.6902
adversarial,50,0.75,0.05,7550002,False,,144,,True,0.5842,0.5342
adversarial,50,0.75,0.05,7550003,True,167,,,,0.8629,0.8129
adversarial,50,0.75,0.05,7550004,True,112,,,,0.8535,0.8035
adversarial,50,0.75,0.05,7550005,True,182,190,8,False,0.8717,0.8217
adversarial,50,0.75,0.05,7550006,False,,,,,0.7198,0.6698
adversarial,50,0.75,0.05,7550007,True,150,,,,0.7568,0.7068
adversarial,50,0.75,0.05,7550008,False,,,,,0.7919,0.7419
adversarial,50,0.75,0.05,7550009,False,,213,,True,0.6960,0.6460
adversarial,50,0.75,0.05,7550010,True,366,,,,0.8224,0.7724
adversarial,50,0.75,0.05,7550011,True,333,145,-188,True,0.7995,0.7495
adversarial,50,0.75,0.05,7550012,True,407,396,-11,True,0.6962,0.6462
adversarial,50,0.75,0.05,7550013,False,,,,,0.6162,0.5662
adversarial,50,0.75,0.05,7550014,True,180,144,-36,True,0.8504,0.8004
adversarial,50,0.75,0.05,7550015,False,,195,,True,0.6690,0.6190
adversarial,50,0.75,0.05,7550016,True,287,293,6,False,0.8415,0.7915
adversarial,50,0.75,0.05,7550017,True,172,329,157,False,0.8909,0.8409
adversarial,50,0.75,0.05,7550018,False,,349,,True,0.6972,0.6472
adversarial,50,0.75,0.05,7550019,False,,,,,0.7282,0.6782
adversarial,50,0.75,0.05,7550020,False,,243,,True,0.6333,0.5833
adversarial,50,0.75,0.05,7550021,True,115,145,30,False,0.9114,0.8614
adversarial,50,0.75,0.05,7550022,False,,144,,True,0.7377,0.6877
adversarial,50,0.75,0.05,7550023,True,215,208,-7,True,0.8218,0.7718
adversarial,50,0.75,0.05,7550024,True,146,,,,0.8561,0.8061
adversarial,50,0.75,0.05,7550025,False,,,,,0.6085,0.5585
adversarial,50,0.75,0.05,7550026,True,93,,,,0.9014,0.8514
adversarial,50,0.75,0.05,7550027,True,189,188,-1,True,0.8357,0.7857
adversarial,50,0.75,0.05,7550028,False,,,,,0.5698,0.5198
adversarial,50,0.75,0.05,7550029,False,,,,,0.6911,0.6411
adversarial,50,0.75,0.08,7550000,True,79,268,189,False,0.8446,0.7646
adversarial,50,0.75,0.08,7550001,False,,262,,True,0.7402,0.6602
adversarial,50,0.75,0.08,7550002,False,,144,,True,0.5842,0.5042
adversarial,50,0.75,0.08,7550003,True,414,,,,0.8629,0.7829
adversarial,50,0.75,0.08,7550004,True,118,,,,0.8535,0.7735
adversarial,50,0.75,0.08,7550005,True,194,190,-4,True,0.8717,0.7917
adversarial,50,0.75,0.08,7550006,False,,,,,0.7198,0.6398
adversarial,50,0.75,0.08,7550007,False,,,,,0.7568,0.6768
adversarial,50,0.75,0.08,7550008,False,,,,,0.7919,0.7119
adversarial,50,0.75,0.08,7550009,False,,213,,True,0.6960,0.6160
adversarial,50,0.75,0.08,7550010,True,380,,,,0.8224,0.7424
adversarial,50,0.75,0.08,7550011,False,,145,,True,0.7995,0.7195
adversarial,50,0.75,0.08,7550012,False,,396,,True,0.6962,0.6162
adversarial,50,0.75,0.08,7550013,False,,,,,0.6162,0.5362
adversarial,50,0.75,0.08,7550014,True,315,144,-171,True,0.8504,0.7704
adversarial,50,0.75,0.08,7550015,False,,195,,True,0.6690,0.5890
adversarial,50,0.75,0.08,7550016,True,305,293,-12,True,0.8415,0.7615
adversarial,50,0.75,0.08,7550017,True,211,329,118,False,0.8909,0.8109
adversarial,50,0.75,0.08,7550018,False,,349,,True,0.6972,0.6172
adversarial,50,0.75,0.08,7550019,False,,,,,0.7282,0.6482
adversarial,50,0.75,0.08,7550020,False,,243,,True,0.6333,0.5533
adversarial,50,0.75,0.08,7550021,True,128,145,17,False,0.9114,0.8314
adversarial,50,0.75,0.08,7550022,False,,144,,True,0.7377,0.6577
adversarial,50,0.75,0.08,7550023,True,276,208,-68,True,0.8218,0.7418
adversarial,50,0.75,0.08,7550024,True,445,,,,0.8561,0.7761
adversarial,50,0.75,0.08,7550025,False,,,,,0.6085,0.5285
adversarial,50,0.75,0.08,7550026,True,99,,,,0.9014,0.8214
adversarial,50,0.75,0.08,7550027,True,195,188,-7,True,0.8357,0.7557
adversarial,50,0.75,0.08,7550028,False,,,,,0.5698,0.4898
adversarial,50,0.75,0.08,7550029,False,,,,,0.6911,0.6111
adversarial,50,0.75,0.1,7550000,True,81,268,187,False,0.8446,0.7446
adversarial,50,0.75,0.1,7550001,False,,262,,True,0.7402,0.6402
adversarial,50,0.75,0.1,7550002,False,,144,,True,0.5842,0.4842
adversarial,50,0.75,0.1,7550003,True,489,,,,0.8629,0.7629
adversarial,50,0.75,0.1,7550004,True,125,,,,0.8535,0.7535
adversarial,50,0.75,0.1,7550005,True,263,190,-73,True,0.8717,0.7717
adversarial,50,0.75,0.1,7550006,False,,,,,0.7198,0.6198
adversarial,50,0.75,0.1,7550007,False,,,,,0.7568,0.6568
adversarial,50,0.75,0.1,7550008,False,,,,,0.7919,0.6919
adversarial,50,0.75,0.1,7550009,False,,213,,True,0.6960,0.5960
adversarial,50,0.75,0.1,7550010,True,384,,,,0.8224,0.7224
adversarial,50,0.75,0.1,7550011,False,,145,,True,0.7995,0.6995
adversarial,50,0.75,0.1,7550012,False,,396,,True,0.6962,0.5962
adversarial,50,0.75,0.1,7550013,False,,,,,0.6162,0.5162
adversarial,50,0.75,0.1,7550014,True,388,144,-244,True,0.8504,0.7504
adversarial,50,0.75,0.1,7550015,False,,195,,True,0.6690,0.5690
adversarial,50,0.75,0.1,7550016,True,469,293,-176,True,0.8415,0.7415
adversarial,50,0.75,0.1,7550017,True,331,329,-2,True,0.8909,0.7909
adversarial,50,0.75,0.1,7550018,False,,349,,True,0.6972,0.5972
adversarial,50,0.75,0.1,7550019,False,,,,,0.7282,0.6282
adversarial,50,0.75,0.1,7550020,False,,243,,True,0.6333,0.5333
adversarial,50,0.75,0.1,7550021,True,132,145,13,False,0.9114,0.8114
adversarial,50,0.75,0.1,7550022,False,,144,,True,0.7377,0.6377
adversarial,50,0.75,0.1,7550023,True,465,208,-257,True,0.8218,0.7218
adversarial,50,0.75,0.1,7550024,False,,,,,0.8561,0.7561
adversarial,50,0.75,0.1,7550025,False,,,,,0.6085,0.5085
adversarial,50,0.75,0.1,7550026,True,104,,,,0.9014,0.8014
adversarial,50,0.75,0.1,7550027,True,197,188,-9,True,0.8357,0.7357
adversarial,50,0.75,0.1,7550028,False,,,,,0.5698,0.4698
adversarial,50,0.75,0.1,7550029,False,,,,,0.6911,0.5911
adversarial,50,0.85,0.02,8550000,True,221,166,-55,True,0.9091,0.8891
adversarial,50,0.85,0.02,8550001,True,107,317,210,False,0.8902,0.8702
adversarial,50,0.85,0.02,8550002,True,168,150,-18,True,0.8405,0.8205
adversarial,50,0.85,0.02,8550003,False,,,,,0.8222,0.8022
adversarial,50,0.85,0.02,8550004,False,,278,,True,0.8161,0.7961
adversarial,50,0.85,0.02,8550005,True,85,,,,0.9568,0.9368
adversarial,50,0.85,0.02,8550006,False,,322,,True,0.8032,0.7832
adversarial,50,0.85,0.02,8550007,True,214,214,0,True,0.8792,0.8592
adversarial,50,0.85,0.02,8550008,True,99,481,382,False,0.9224,0.9024
adversarial,50,0.85,0.02,8550009,False,,335,,True,0.7873,0.7673
adversarial,50,0.85,0.02,8550010,False,,205,,True,0.8022,0.7822
adversarial,50,0.85,0.02,8550011,True,182,155,-27,True,0.8610,0.8410
adversarial,50,0.85,0.02,8550012,False,,163,,True,0.7048,0.6848
adversarial,50,0.85,0.02,8550013,True,101,,,,0.9447,0.9247
adversarial,50,0.85,0.02,8550014,True,262,266,4,False,0.8478,0.8278
adversarial,50,0.85,0.02,8550015,True,192,,,,0.8855,0.8655
adversarial,50,0.85,0.02,8550016,False,,456,,True,0.7298,0.7098
adversarial,50,0.85,0.02,8550017,True,129,,,,0.8507,0.8307
adversarial,50,0.85,0.02,8550018,False,,,,,0.7293,0.7093
adversarial,50,0.85,0.02,8550019,False,,,,,0.7840,0.7640
adversarial,50,0.85,0.02,8550020,False,,,,,0.8473,0.8273
adversarial,50,0.85,0.02,8550021,False,,479,,True,0.8342,0.8142
adversarial,50,0.85,0.02,8550022,True,233,215,-18,True,0.8709,0.8509
adversarial,50,0.85,0.02,8550023,False,,,,,0.7569,0.7369
adversarial,50,0.85,0.02,8550024,True,149,,,,0.9032,0.8832
adversarial,50,0.85,0.02,8550025,True,442,,,,0.8044,0.7844
adversarial,50,0.85,0.02,8550026,False,,275,,True,0.7958,0.7758
adversarial,50,0.85,0.02,8550027,False,,,,,0.7677,0.7477
adversarial,50,0.85,0.02,8550028,True,155,309,154,False,0.9443,0.9243
adversarial,50,0.85,0.02,8550029,True,125,,,,0.9433,0.9233
adversarial,50,0.85,0.03,8550000,True,253,166,-87,True,0.9091,0.8791
adversarial,50,0.85,0.03,8550001,True,112,317,205,False,0.8902,0.8602
adversarial,50,0.85,0.03,8550002,True,170,150,-20,True,0.8405,0.8105
adversarial,50,0.85,0.03,8550003,False,,,,,0.8222,0.7922
adversarial,50,0.85,0.03,8550004,False,,278,,True,0.8161,0.7861
adversarial,50,0.85,0.03,8550005,True,87,,,,0.9568,0.9268
adversarial,50,0.85,0.03,8550006,False,,322,,True,0.8032,0.7732
adversarial,50,0.85,0.03,8550007,True,290,214,-76,True,0.8792,0.8492
adversarial,50,0.85,0.03,8550008,True,101,481,380,False,0.9224,0.8924
adversarial,50,0.85,0.03,8550009,False,,335,,True,0.7873,0.7573
adversarial,50,0.85,0.03,8550010,False,,205,,True,0.8022,0.7722
adversarial,50,0.85,0.03,8550011,True,224,155,-69,True,0.8610,0.8310
adversarial,50,0.85,0.03,8550012,False,,163,,True,0.7048,0.6748
adversarial,50,0.85,0.03,8550013,True,107,,,,0.9447,0.9147
adversarial,50,0.85,0.03,8550014,True,281,266,-15,True,0.8478,0.8178
adversarial,50,0.85,0.03,8550015,True,269,,,,0.8855,0.8555
adversarial,50,0.85,0.03,8550016,False,,456,,True,0.7298,0.6998
adversarial,50,0.85,0.03,8550017,True,411,,,,0.8507,0.8207
adversarial,50,0.85,0.03,8550018,False,,,,,0.7293,0.6993
adversarial,50,0.85,0.03,8550019,False,,,,,0.7840,0.7540
adversarial,50,0.85,0.03,8550020,False,,,,,0.8473,0.8173
adversarial,50,0.85,0.03,8550021,False,,479,,True,0.8342,0.8042
adversarial,50,0.85,0.03,8550022,True,250,215,-35,True,0.8709,0.8409
adversarial,50,0.85,0.03,8550023,False,,,,,0.7569,0.7269
adversarial,50,0.85,0.03,8550024,True,155,,,,0.9032,0.8732
adversarial,50,0.85,0.03,8550025,True,451,,,,0.8044,0.7744
adversarial,50,0.85,0.03,8550026,False,,275,,True,0.7958,0.7658
adversarial,50,0.85,0.03,8550027,False,,,,,0.7677,0.7377
adversarial,50,0.85,0.03,8550028,True,204,309,105,False,0.9443,0.9143
adversarial,50,0.85,0.03,8550029,True,130,,,,0.9433,0.9133
adversarial,50,0.85,0.05,8550000,True,276,166,-110,True,0.9091,0.8591
adversarial,50,0.85,0.05,8550001,True,226,317,91,False,0.8902,0.8402
adversarial,50,0.85,0.05,8550002,True,178,150,-28,True,0.8405,0.7905
adversarial,50,0.85,0.05,8550003,False,,,,,0.8222,0.7722
adversarial,50,0.85,0.05,8550004,False,,278,,True,0.8161,0.7661
adversarial,50,0.85,0.05,8550005,True,95,,,,0.9568,0.9068
adversarial,50,0.85,0.05,8550006,False,,322,,True,0.8032,0.7532
adversarial,50,0.85,0.05,8550007,True,304,214,-90,True,0.8792,0.8292
adversarial,50,0.85,0.05,8550008,True,116,481,365,False,0.9224,0.8724
adversarial,50,0.85,0.05,8550009,False,,335,,True,0.7873,0.7373
adversarial,50,0.85,0.05,8550010,False,,205,,True,0.8022,0.7522
adversarial,50,0.85,0.05,8550011,True,243,155,-88,True,0.8610,0.8110
adversarial,50,0.85,0.05,8550012,False,,163,,True,0.7048,0.6548
adversarial,50,0.85,0.05,8550013,True,146,,,,0.9447,0.8947
adversarial,50,0.85,0.05,8550014,False,,266,,True,0.8478,0.7978
adversarial,50,0.85,0.05,8550015,True,307,,,,0.8855,0.8355
adversarial,50,0.85,0.05,8550016,False,,456,,True,0.7298,0.6798
adversarial,50,0.85,0.05,8550017,True,434,,,,0.8507,0.8007
adversarial,50,0.85,0.05,8550018,False,,,,,0.7293,0.6793
adversarial,50,0.85,0.05,8550019,False,,,,,0.7840,0.7340
adversarial,50,0.85,0.05,8550020,False,,,,,0.8473,0.7973
adversarial,50,0.85,0.05,8550021,False,,479,,True,0.8342,0.7842
adversarial,50,0.85,0.05,8550022,True,345,215,-130,True,0.8709,0.8209
adversarial,50,0.85,0.05,8550023,False,,,,,0.7569,0.7069
adversarial,50,0.85,0.05,8550024,True,167,,,,0.9032,0.8532
adversarial,50,0.85,0.05,8550025,False,,,,,0.8044,0.7544
adversarial,50,0.85,0.05,8550026,False,,275,,True,0.7958,0.7458
adversarial,50,0.85,0.05,8550027,False,,,,,0.7677,0.7177
adversarial,50,0.85,0.05,8550028,True,224,309,85,False,0.9443,0.8943
adversarial,50,0.85,0.05,8550029,True,137,,,,0.9433,0.8933
adversarial,50,0.85,0.08,8550000,False,,166,,True,0.9091,0.8291
adversarial,50,0.85,0.08,8550001,True,312,317,5,False,0.8902,0.8102
adversarial,50,0.85,0.08,8550002,False,,150,,True,0.8405,0.7605
adversarial,50,0.85,0.08,8550003,False,,,,,0.8222,0.7422
adversarial,50,0.85,0.08,8550004,False,,278,,True,0.8161,0.7361
adversarial,50,0.85,0.08,8550005,True,102,,,,0.9568,0.8768
adversarial,50,0.85,0.08,8550006,False,,322,,True,0.8032,0.7232
adversarial,50,0.85,0.08,8550007,False,,214,,True,0.8792,0.7992
adversarial,50,0.85,0.08,8550008,True,132,481,349,False,0.9224,0.8424
adversarial,50,0.85,0.08,8550009,False,,335,,True,0.7873,0.7073
adversarial,50,0.85,0.08,8550010,False,,205,,True,0.8022,0.7222
adversarial,50,0.85,0.08,8550011,False,,155,,True,0.8610,0.7810
adversarial,50,0.85,0.08,8550012,False,,163,,True,0.7048,0.6248
adversarial,50,0.85,0.08,8550013,True,260,,,,0.9447,0.8647
adversarial,50,0.85,0.08,8550014,False,,266,,True,0.8478,0.7678
adversarial,50,0.85,0.08,8550015,False,,,,,0.8855,0.8055
adversarial,50,0.85,0.08,8550016,False,,456,,True,0.7298,0.6498
adversarial,50,0.85,0.08,8550017,False,,,,,0.8507,0.7707
adversarial,50,0.85,0.08,8550018,False,,,,,0.7293,0.6493
adversarial,50,0.85,0.08,8550019,False,,,,,0.7840,0.7040
adversarial,50,0.85,0.08,8550020,False,,,,,0.8473,0.7673
adversarial,50,0.85,0.08,8550021,False,,479,,True,0.8342,0.7542
adversarial,50,0.85,0.08,8550022,False,,215,,True,0.8709,0.7909
adversarial,50,0.85,0.08,8550023,False,,,,,0.7569,0.6769
adversarial,50,0.85,0.08,8550024,False,,,,,0.9032,0.8232
adversarial,50,0.85,0.08,8550025,False,,,,,0.8044,0.7244
adversarial,50,0.85,0.08,8550026,False,,275,,True,0.7958,0.7158
adversarial,50,0.85,0.08,8550027,False,,,,,0.7677,0.6877
adversarial,50,0.85,0.08,8550028,True,318,309,-9,True,0.9443,0.8643
adversarial,50,0.85,0.08,8550029,True,145,,,,0.9433,0.8633
adversarial,50,0.85,0.1,8550000,False,,166,,True,0.9091,0.8091
adversarial,50,0.85,0.1,8550001,True,332,317,-15,True,0.8902,0.7902
adversarial,50,0.85,0.1,8550002,False,,150,,True,0.8405,0.7405
adversarial,50,0.85,0.1,8550003,False,,,,,0.8222,0.7222
adversarial,50,0.85,0.1,8550004,False,,278,,True,0.8161,0.7161
adversarial,50,0.85,0.1,8550005,True,124,,,,0.9568,0.8568
adversarial,50,0.85,0.1,8550006,False,,322,,True,0.8032,0.7032
adversarial,50,0.85,0.1,8550007,False,,214,,True,0.8792,0.7792
adversarial,50,0.85,0.1,8550008,True,357,481,124,False,0.9224,0.8224
adversarial,50,0.85,0.1,8550009,False,,335,,True,0.7873,0.6873
adversarial,50,0.85,0.1,8550010,False,,205,,True,0.8022,0.7022
adversarial,50,0.85,0.1,8550011,False,,155,,True,0.8610,0.7610
adversarial,50,0.85,0.1,8550012,False,,163,,True,0.7048,0.6048
adversarial,50,0.85,0.1,8550013,True,419,,,,0.9447,0.8447
adversarial,50,0.85,0.1,8550014,False,,266,,True,0.8478,0.7478
adversarial,50,0.85,0.1,8550015,False,,,,,0.8855,0.7855
adversarial,50,0.85,0.1,8550016,False,,456,,True,0.7298,0.6298
adversarial,50,0.85,0.1,8550017,False,,,,,0.8507,0.7507
adversarial,50,0.85,0.1,8550018,False,,,,,0.7293,0.6293
adversarial,50,0.85,0.1,8550019,False,,,,,0.7840,0.6840
adversarial,50,0.85,0.1,8550020,False,,,,,0.8473,0.7473
adversarial,50,0.85,0.1,8550021,False,,479,,True,0.8342,0.7342
adversarial,50,0.85,0.1,8550022,False,,215,,True,0.8709,0.7709
adversarial,50,0.85,0.1,8550023,False,,,,,0.7569,0.6569
adversarial,50,0.85,0.1,8550024,False,,,,,0.9032,0.8032
adversarial,50,0.85,0.1,8550025,False,,,,,0.8044,0.7044
adversarial,50,0.85,0.1,8550026,False,,275,,True,0.7958,0.6958
adversarial,50,0.85,0.1,8550027,False,,,,,0.7677,0.6677
adversarial,50,0.85,0.1,8550028,True,372,309,-63,True,0.9443,0.8443
adversarial,50,0.85,0.1,8550029,True,153,,,,0.9433,0.8433
adversarial,100,0.6,0.02,6100000,True,682,369,-313,True,0.6136,0.5936
adversarial,100,0.6,0.02,6100001,True,177,592,415,False,0.7007,0.6807
adversarial,100,0.6,0.02,6100002,True,112,375,263,False,0.5574,0.5374
adversarial,100,0.6,0.02,6100003,True,932,298,-634,True,0.6000,0.5800
adversarial,100,0.6,0.02,6100004,True,89,783,694,False,0.7679,0.7479
adversarial,100,0.6,0.02,6100005,False,,,,,0.4985,0.4785
adversarial,100,0.6,0.02,6100006,True,329,318,-11,True,0.6804,0.6604
adversarial,100,0.6,0.02,6100007,True,102,329,227,False,0.7715,0.7515
adversarial,100,0.6,0.02,6100008,True,842,303,-539,True,0.6283,0.6083
adversarial,100,0.6,0.02,6100009,False,,477,,True,0.5139,0.4939
adversarial,100,0.6,0.02,6100010,False,,,,,0.5498,0.5298
adversarial,100,0.6,0.02,6100011,False,,384,,True,0.3787,0.3587
adversarial,100,0.6,0.02,6100012,True,93,344,251,False,0.6744,0.6544
adversarial,100,0.6,0.02,6100013,False,,560,,True,0.4941,0.4741
adversarial,100,0.6,0.02,6100014,True,109,713,604,False,0.7501,0.7301
adversarial,100,0.6,0.02,6100015,True,805,313,-492,True,0.5700,0.5500
adversarial,100,0.6,0.02,6100016,False,,557,,True,0.5891,0.5691
adversarial,100,0.6,0.02,6100017,True,78,288,210,False,0.8197,0.7997
adversarial,100,0.6,0.02,6100018,True,133,395,262,False,0.7293,0.7093
adversarial,100,0.6,0.02,6100019,True,193,819,626,False,0.6427,0.6227
adversarial,100,0.6,0.02,6100020,True,89,377,288,False,0.8726,0.8526
adversarial,100,0.6,0.02,6100021,True,101,591,490,False,0.8083,0.7883
adversarial,100,0.6,0.02,6100022,False,,549,,True,0.5776,0.5576
adversarial,100,0.6,0.02,6100023,True,126,434,308,False,0.7351,0.7151
adversarial,100,0.6,0.02,6100024,True,586,585,-1,True,0.6165,0.5965
adversarial,100,0.6,0.02,6100025,True,958,338,-620,True,0.6011,0.5811
adversarial,100,0.6,0.02,6100026,True,352,760,408,False,0.6851,0.6651
adversarial,100,0.6,0.02,6100027,True,879,668,-211,True,0.6166,0.5966
adversarial,100,0.6,0.02,6100028,True,828,662,-166,True,0.6313,0.6113
adversarial,100,0.6,0.02,6100029,True,92,341,249,False,0.7459,0.7259
adversarial,100,0.6,0.03,6100000,True,691,369,-322,True,0.6136,0.5836
adversarial,100,0.6,0.03,6100001,True,180,592,412,False,0.7007,0.6707
adversarial,100,0.6,0.03,6100002,False,,375,,True,0.5574,0.5274
adversarial,100,0.6,0.03,6100003,False,,298,,True,0.6000,0.5700
adversarial,100,0.6,0.03,6100004,True,97,783,686,False,0.7679,0.7379
adversarial,100,0.6,0.03,6100005,False,,,,,0.4985,0.4685
adversarial,100,0.6,0.03,6100006,True,330,318,-12,True,0.6804,0.6504
adversarial,100,0.6,0.03,6100007,True,102,329,227,False,0.7715,0.7415
adversarial,100,0.6,0.03,6100008,True,843,303,-540,True,0.6283,0.5983
adversarial,100,0.6,0.03,6100009,False,,477,,True,0.5139,0.4839
adversarial,100,0.6,0.03,6100010,False,,,,,0.5498,0.5198
adversarial,100,0.6,0.03,6100011,False,,384,,True,0.3787,0.3487
adversarial,100,0.6,0.03,6100012,True,122,344,222,False,0.6744,0.6444
adversarial,100,0.6,0.03,6100013,False,,560,,True,0.4941,0.4641
adversarial,100,0.6,0.03,6100014,True,111,713,602,False,0.7501,0.7201
adversarial,100,0.6,0.03,6100015,True,807,313,-494,True,0.5700,0.5400
adversarial,100,0.6,0.03,6100016,False,,557,,True,0.5891,0.5591
adversarial,100,0.6,0.03,6100017,True,79,288,209,False,0.8197,0.7897
adversarial,100,0.6,0.03,6100018,True,147,395,248,False,0.7293,0.6993
adversarial,100,0.6,0.03,6100019,True,196,819,623,False,0.6427,0.6127
adversarial,100,0.6,0.03,6100020,True,90,377,287,False,0.8726,0.8426
adversarial,100,0.6,0.03,6100021,True,105,591,486,False,0.8083,0.7783
adversarial,100,0.6,0.03,6100022,False,,549,,True,0.5776,0.5476
adversarial,100,0.6,0.03,6100023,True,184,434,250,False,0.7351,0.7051
adversarial,100,0.6,0.03,6100024,True,596,585,-11,True,0.6165,0.5865
adversarial,100,0.6,0.03,6100025,False,,338,,True,0.6011,0.5711
adversarial,100,0.6,0.03,6100026,True,364,760,396,False,0.6851,0.6551
adversarial,100,0.6,0.03,6100027,True,901,668,-233,True,0.6166,0.5866
adversarial,100,0.6,0.03,6100028,True,919,662,-257,True,0.6313,0.6013
adversarial,100,0.6,0.03,6100029,True,94,341,247,False,0.7459,0.7159
adversarial,100,0.6,0.05,6100000,False,,369,,True,0.6136,0.5636
adversarial,100,0.6,0.05,6100001,True,188,592,404,False,0.7007,0.6507
adversarial,100,0.6,0.05,6100002,False,,375,,True,0.5574,0.5074
adversarial,100,0.6,0.05,6100003,False,,298,,True,0.6000,0.5500
adversarial,100,0.6,0.05,6100004,True,147,783,636,False,0.7679,0.7179
adversarial,100,0.6,0.05,6100005,False,,,,,0.4985,0.4485
adversarial,100,0.6,0.05,6100006,True,336,318,-18,True,0.6804,0.6304
adversarial,100,0.6,0.05,6100007,True,104,329,225,False,0.7715,0.7215
adversarial,100,0.6,0.05,6100008,True,906,303,-603,True,0.6283,0.5783
adversarial,100,0.6,0.05,6100009,False,,477,,True,0.5139,0.4639
adversarial,100,0.6,0.05,6100010,False,,,,,0.5498,0.4998
adversarial,100,0.6,0.05,6100011,False,,384,,True,0.3787,0.3287
adversarial,100,0.6,0.05,6100012,True,152,344,192,False,0.6744,0.6244
adversarial,100,0.6,0.05,6100013,False,,560,,True,0.4941,0.4441
adversarial,100,0.6,0.05,6100014,True,120,713,593,False,0.7501,0.7001
adversarial,100,0.6,0.05,6100015,True,812,313,-499,True,0.5700,0.5200
adversarial,100,0.6,0.05,6100016,False,,557,,True,0.5891,0.5391
adversarial,100,0.6,0.05,6100017,True,81,288,207,False,0.8197,0.7697
adversarial,100,0.6,0.05,6100018,True,155,395,240,False,0.7293,0.6793
adversarial,100,0.6,0.05,6100019,False,,819,,True,0.6427,0.5927
adversarial,100,0.6,0.05,6100020,True,92,377,285,False,0.8726,0.8226
adversarial,100,0.6,0.05,6100021,True,120,591,471,False,0.8083,0.7583
adversarial,100,0.6,0.05,6100022,False,,549,,True,0.5776,0.5276
adversarial,100,0.6,0.05,6100023,True,199,434,235,False,0.7351,0.6851
adversarial,100,0.6,0.05,6100024,False,,585,,True,0.6165,0.5665
adversarial,100,0.6,0.05,6100025,False,,338,,True,0.6011,0.5511
adversarial,100,0.6,0.05,6100026,True,382,760,378,False,0.6851,0.6351
adversarial,100,0.6,0.05,6100027,True,908,668,-240,True,0.6166,0.5666
adversarial,100,0.6,0.05,6100028,True,939,662,-277,True,0.6313,0.5813
adversarial,100,0.6,0.05,6100029,True,97,341,244,False,0.7459,0.6959
adversarial,100,0.6,0.08,6100000,False,,369,,True,0.6136,0.5336
adversarial,100,0.6,0.08,6100001,True,193,592,399,False,0.7007,0.6207
adversarial,100,0.6,0.08,6100002,False,,375,,True,0.5574,0.4774
adversarial,100,0.6,0.08,6100003,False,,298,,True,0.6000,0.5200
adversarial,100,0.6,0.08,6100004,True,238,783,545,False,0.7679,0.6879
adversarial,100,0.6,0.08,6100005,False,,,,,0.4985,0.4185
adversarial,100,0.6,0.08,6100006,True,343,318,-25,True,0.6804,0.6004
adversarial,100,0.6,0.08,6100007,True,109,329,220,False,0.7715,0.6915
adversarial,100,0.6,0.08,6100008,False,,303,,True,0.6283,0.5483
adversarial,100,0.6,0.08,6100009,False,,477,,True,0.5139,0.4339
adversarial,100,0.6,0.08,6100010,False,,,,,0.5498,0.4698
adversarial,100,0.6,0.08,6100011,False,,384,,True,0.3787,0.2987
adversarial,100,0.6,0.08,6100012,True,850,344,-506,True,0.6744,0.5944
adversarial,100,0.6,0.08,6100013,False,,560,,True,0.4941,0.4141
adversarial,100,0.6,0.08,6100014,True,136,713,577,False,0.7501,0.6701
adversarial,100,0.6,0.08,6100015,True,953,313,-640,True,0.5700,0.4900
adversarial,100,0.6,0.08,6100016,False,,557,,True,0.5891,0.5091
adversarial,100,0.6,0.08,6100017,True,85,288,203,False,0.8197,0.7397
adversarial,100,0.6,0.08,6100018,True,167,395,228,False,0.7293,0.6493
adversarial,100,0.6,0.08,6100019,False,,819,,True,0.6427,0.5627
adversarial,100,0.6,0.08,6100020,True,95,377,282,False,0.8726,0.7926
adversarial,100,0.6,0.08,6100021,True,150,591,441,False,0.8083,0.7283
adversarial,100,0.6,0.08,6100022,False,,549,,True,0.5776,0.4976
adversarial,100,0.6,0.08,6100023,True,214,434,220,False,0.7351,0.6551
adversarial,100,0.6,0.08,6100024,False,,585,,True,0.6165,0.5365
adversarial,100,0.6,0.08,6100025,False,,338,,True,0.6011,0.5211
adversarial,100,0.6,0.08,6100026,True,390,760,370,False,0.6851,0.6051
adversarial,100,0.6,0.08,6100027,True,980,668,-312,True,0.6166,0.5366
adversarial,100,0.6,0.08,6100028,True,958,662,-296,True,0.6313,0.5513
adversarial,100,0.6,0.08,6100029,True,102,341,239,False,0.7459,0.6659
adversarial,100,0.6,0.1,6100000,False,,369,,True,0.6136,0.5136
adversarial,100,0.6,0.1,6100001,True,198,592,394,False,0.7007,0.6007
adversarial,100,0.6,0.1,6100002,False,,375,,True,0.5574,0.4574
adversarial,100,0.6,0.1,6100003,False,,298,,True,0.6000,0.5000
adversarial,100,0.6,0.1,6100004,True,251,783,532,False,0.7679,0.6679
adversarial,100,0.6,0.1,6100005,False,,,,,0.4985,0.3985
adversarial,100,0.6,0.1,6100006,True,434,318,-116,True,0.6804,0.5804
adversarial,100,0.6,0.1,6100007,True,111,329,218,False,0.7715,0.6715
adversarial,100,0.6,0.1,6100008,False,,303,,True,0.6283,0.5283
adversarial,100,0.6,0.1,6100009,False,,477,,True,0.5139,0.4139
adversarial,100,0.6,0.1,6100010,False,,,,,0.5498,0.4498
adversarial,100,0.6,0.1,6100011,False,,384,,True,0.3787,0.2787
adversarial,100,0.6,0.1,6100012,True,974,344,-630,True,0.6744,0.5744
adversarial,100,0.6,0.1,6100013,False,,560,,True,0.4941,0.3941
adversarial,100,0.6,0.1,6100014,True,166,713,547,False,0.7501,0.6501
adversarial,100,0.6,0.1,6100015,False,,313,,True,0.5700,0.4700
adversarial,100,0.6,0.1,6100016,False,,557,,True,0.5891,0.4891
adversarial,100,0.6,0.1,6100017,True,90,288,198,False,0.8197,0.7197
adversarial,100,0.6,0.1,6100018,True,176,395,219,False,0.7293,0.6293
adversarial,100,0.6,0.1,6100019,False,,819,,True,0.6427,0.5427
adversarial,100,0.6,0.1,6100020,True,98,377,279,False,0.8726,0.7726
adversarial,100,0.6,0.1,6100021,True,172,591,419,False,0.8083,0.7083
adversarial,100,0.6,0.1,6100022,False,,549,,True,0.5776,0.4776
adversarial,100,0.6,0.1,6100023,True,453,434,-19,True,0.7351,0.6351
adversarial,100,0.6,0.1,6100024,False,,585,,True,0.6165,0.5165
adversarial,100,0.6,0.1,6100025,False,,338,,True,0.6011,0.5011
adversarial,100,0.6,0.1,6100026,True,774,760,-14,True,0.6851,0.5851
adversarial,100,0.6,0.1,6100027,False,,668,,True,0.6166,0.5166
adversarial,100,0.6,0.1,6100028,True,986,662,-324,True,0.6313,0.5313
adversarial,100,0.6,0.1,6100029,True,109,341,232,False,0.7459,0.6459
adversarial,100,0.75,0.02,7600000,True,102,340,238,False,0.9632,0.9432
adversarial,100,0.75,0.02,7600001,True,157,580,423,False,0.8004,0.7804
adversarial,100,0.75,0.02,7600002,True,949,713,-236,True,0.7246,0.7046
adversarial,100,0.75,0.02,7600003,True,375,320,-55,True,0.7882,0.7682
adversarial,100,0.75,0.02,7600004,True,424,378,-46,True,0.7614,0.7414
adversarial,100,0.75,0.02,7600005,False,,,,,0.6029,0.5829
adversarial,100,0.75,0.02,7600006,True,500,366,-134,True,0.7690,0.7490
adversarial,100,0.75,0.02,7600007,False,,321,,True,0.7187,0.6987
adversarial,100,0.75,0.02,7600008,True,319,322,3,False,0.7621,0.7421
adversarial,100,0.75,0.02,7600009,True,92,419,327,False,0.9021,0.8821
adversarial,100,0.75,0.02,7600010,True,120,660,540,False,0.7818,0.7618
adversarial,100,0.75,0.02,7600011,True,120,397,277,False,0.8460,0.8260
adversarial,100,0.75,0.02,7600012,True,900,294,-606,True,0.7399,0.7199
adversarial,100,0.75,0.02,7600013,False,,508,,True,0.7093,0.6893
adversarial,100,0.75,0.02,7600014,True,98,362,264,False,0.9339,0.9139
adversarial,100,0.75,0.02,7600015,True,231,584,353,False,0.8360,0.8160
adversarial,100,0.75,0.02,7600016,True,647,269,-378,True,0.7984,0.7784
adversarial,100,0.75,0.02,7600017,True,126,531,405,False,0.8671,0.8471
adversarial,100,0.75,0.02,7600018,False,,,,,0.6574,0.6374
adversarial,100,0.75,0.02,7600019,False,,358,,True,0.5612,0.5412
adversarial,100,0.75,0.02,7600020,False,,483,,True,0.6434,0.6234
adversarial,100,0.75,0.02,7600021,True,153,349,196,False,0.8454,0.8254
adversarial,100,0.75,0.02,7600022,True,101,510,409,False,0.8977,0.8777
adversarial,100,0.75,0.02,7600023,True,90,830,740,False,0.9416,0.9216
adversarial,100,0.75,0.02,7600024,False,,,,,0.6771,0.6571
adversarial,100,0.75,0.02,7600025,True,149,964,815,False,0.7534,0.7334
adversarial,100,0.75,0.02,7600026,False,,503,,True,0.6254,0.6054
adversarial,100,0.75,0.02,7600027,True,583,600,17,False,0.8260,0.8060
adversarial,100,0.75,0.02,7600028,True,100,424,324,False,0.9287,0.9087
adversarial,100,0.75,0.02,7600029,True,191,358,167,False,0.7457,0.7257
adversarial,100,0.75,0.03,7600000,True,106,340,234,False,0.9632,0.9332
adversarial,100,0.75,0.03,7600001,True,159,580,421,False,0.8004,0.7704
adversarial,100,0.75,0.03,7600002,True,951,713,-238,True,0.7246,0.6946
adversarial,100,0.75,0.03,7600003,True,379,320,-59,True,0.7882,0.7582
adversarial,100,0.75,0.03,7600004,True,434,378,-56,True,0.7614,0.7314
adversarial,100,0.75,0.03,7600005,False,,,,,0.6029,0.5729
adversarial,100,0.75,0.03,7600006,True,659,366,-293,True,0.7690,0.7390
adversarial,100,0.75,0.03,7600007,False,,321,,True,0.7187,0.6887
adversarial,100,0.75,0.03,7600008,True,321,322,1,False,0.7621,0.7321
adversarial,100,0.75,0.03,7600009,True,93,419,326,False,0.9021,0.8721
adversarial,100,0.75,0.03,7600010,True,122,660,538,False,0.7818,0.7518
adversarial,100,0.75,0.03,7600011,True,150,397,247,False,0.8460,0.8160
adversarial,100,0.75,0.03,7600012,True,902,294,-608,True,0.7399,0.7099
adversarial,100,0.75,0.03,7600013,False,,508,,True,0.7093,0.6793
adversarial,100,0.75,0.03,7600014,True,103,362,259,False,0.9339,0.9039
adversarial,100,0.75,0.03,7600015,True,281,584,303,False,0.8360,0.8060
adversarial,100,0.75,0.03,7600016,True,664,269,-395,True,0.7984,0.7684
adversarial,100,0.75,0.03,7600017,True,132,531,399,False,0.8671,0.8371
adversarial,100,0.75,0.03,7600018,False,,,,,0.6574,0.6274
adversarial,100,0.75,0.03,7600019,False,,358,,True,0.5612,0.5312
adversarial,100,0.75,0.03,7600020,False,,483,,True,0.6434,0.6134
adversarial,100,0.75,0.03,7600021,True,156,349,193,False,0.8454,0.8154
adversarial,100,0.75,0.03,7600022,True,102,510,408,False,0.8977,0.8677
adversarial,100,0.75,0.03,7600023,True,91,830,739,False,0.9416,0.9116
adversarial,100,0.75,0.03,7600024,False,,,,,0.6771,0.6471
adversarial,100,0.75,0.03,7600025,True,610,964,354,False,0.7534,0.7234
adversarial,100,0.75,0.03,7600026,False,,503,,True,0.6254,0.5954
adversarial,100,0.75,0.03,7600027,True,592,600,8,False,0.8260,0.7960
adversarial,100,0.75,0.03,7600028,True,101,424,323,False,0.9287,0.8987
adversarial,100,0.75,0.03,7600029,True,197,358,161,False,0.7457,0.7157
adversarial,100,0.75,0.05,7600000,True,113,340,227,False,0.9632,0.9132
adversarial,100,0.75,0.05,7600001,True,165,580,415,False,0.8004,0.7504
adversarial,100,0.75,0.05,7600002,True,954,713,-241,True,0.7246,0.6746
adversarial,100,0.75,0.05,7600003,True,387,320,-67,True,0.7882,0.7382
adversarial,100,0.75,0.05,7600004,True,455,378,-77,True,0.7614,0.7114
adversarial,100,0.75,0.05,7600005,False,,,,,0.6029,0.5529
adversarial,100,0.75,0.05,7600006,True,855,366,-489,True,0.7690,0.7190
adversarial,100,0.75,0.05,7600007,False,,321,,True,0.7187,0.6687
adversarial,100,0.75,0.05,7600008,True,873,322,-551,True,0.7621,0.7121
adversarial,100,0.75,0.05,7600009,True,98,419,321,False,0.9021,0.8521
adversarial,100,0.75,0.05,7600010,True,126,660,534,False,0.7818,0.7318
adversarial,100,0.75,0.05,7600011,True,263,397,134,False,0.8460,0.7960
adversarial,100,0.75,0.05,7600012,True,904,294,-610,True,0.7399,0.6899
adversarial,100,0.75,0.05,7600013,False,,508,,True,0.7093,0.6593
adversarial,100,0.75,0.05,7600014,True,116,362,246,False,0.9339,0.8839
adversarial,100,0.75,0.05,7600015,True,584,584,0,True,0.8360,0.7860
adversarial,100,0.75,0.05,7600016,True,698,269,-429,True,0.7984,0.7484
adversarial,100,0.75,0.05,7600017,True,147,531,384,False,0.8671,0.8171
adversarial,100,0.75,0.05,7600018,False,,,,,0.6574,0.6074
adversarial,100,0.75,0.05,7600019,False,,358,,True,0.5612,0.5112
adversarial,100,0.75,0.05,7600020,False,,483,,True,0.6434,0.5934
adversarial,100,0.75,0.05,7600021,True,189,349,160,False,0.8454,0.7954
adversarial,100,0.75,0.05,7600022,True,106,510,404,False,0.8977,0.8477
adversarial,100,0.75,0.05,7600023,True,93,830,737,False,0.9416,0.8916
adversarial,100,0.75,0.05,7600024,False,,,,,0.6771,0.6271
adversarial,100,0.75,0.05,7600025,True,804,964,160,False,0.7534,0.7034
adversarial,100,0.75,0.05,7600026,False,,503,,True,0.6254,0.5754
adversarial,100,0.75,0.05,7600027,True,605,600,-5,True,0.8260,0.7760
adversarial,100,0.75,0.05,7600028,True,105,424,319,False,0.9287,0.8787
adversarial,100,0.75,0.05,7600029,True,994,358,-636,True,0.7457,0.6957
adversarial,100,0.75,0.08,7600000,True,132,340,208,False,0.9632,0.8832
adversarial,100,0.75,0.08,7600001,True,732,580,-152,True,0.8004,0.7204
adversarial,100,0.75,0.08,7600002,True,976,713,-263,True,0.7246,0.6446
adversarial,100,0.75,0.08,7600003,True,648,320,-328,True,0.7882,0.7082
adversarial,100,0.75,0.08,7600004,False,,378,,True,0.7614,0.6814
adversarial,100,0.75,0.08,7600005,False,,,,,0.6029,0.5229
adversarial,100,0.75,0.08,7600006,True,862,366,-496,True,0.7690,0.6890
adversarial,100,0.75,0.08,7600007,False,,321,,True,0.7187,0.6387
adversarial,100,0.75,0.08,7600008,True,909,322,-587,True,0.7621,0.6821
adversarial,100,0.75,0.08,7600009,True,106,419,313,False,0.9021,0.8221
adversarial,100,0.75,0.08,7600010,True,133,660,527,False,0.7818,0.7018
adversarial,100,0.75,0.08,7600011,True,304,397,93,False,0.8460,0.7660
adversarial,100,0.75,0.08,7600012,True,909,294,-615,True,0.7399,0.6599
adversarial,100,0.75,0.08,7600013,False,,508,,True,0.7093,0.6293
adversarial,100,0.75,0.08,7600014,True,130,362,232,False,0.9339,0.8539
adversarial,100,0.75,0.08,7600015,True,689,584,-105,True,0.8360,0.7560
adversarial,100,0.75,0.08,7600016,True,714,269,-445,True,0.7984,0.7184
adversarial,100,0.75,0.08,7600017,True,166,531,365,False,0.8671,0.7871
adversarial,100,0.75,0.08,7600018,False,,,,,0.6574,0.5774
adversarial,100,0.75,0.08,7600019,False,,358,,True,0.5612,0.4812
adversarial,100,0.75,0.08,7600020,False,,483,,True,0.6434,0.5634
adversarial,100,0.75,0.08,7600021,True,207,349,142,False,0.8454,0.7654
adversarial,100,0.75,0.08,7600022,True,111,510,399,False,0.8977,0.8177
adversarial,100,0.75,0.08,7600023,True,96,830,734,False,0.9416,0.8616
adversarial,100,0.75,0.08,7600024,False,,,,,0.6771,0.5971
adversarial,100,0.75,0.08,7600025,True,973,964,-9,True,0.7534,0.6734
adversarial,100,0.75,0.08,7600026,False,,503,,True,0.6254,0.5454
adversarial,100,0.75,0.08,7600027,True,794,600,-194,True,0.8260,0.7460
adversarial,100,0.75,0.08,7600028,True,111,424,313,False,0.9287,0.8487
adversarial,100,0.75,0.08,7600029,False,,358,,True,0.7457,0.6657
adversarial,100,0.75,0.1,7600000,True,144,340,196,False,0.9632,0.8632
adversarial,100,0.75,0.1,7600001,True,816,580,-236,True,0.8004,0.7004
adversarial,100,0.75,0.1,7600002,False,,713,,True,0.7246,0.6246
adversarial,100,0.75,0.1,7600003,False,,320,,True,0.7882,0.6882
adversarial,100,0.75,0.1,7600004,False,,378,,True,0.7614,0.6614
adversarial,100,0.75,0.1,7600005,False,,,,,0.6029,0.5029
adversarial,100,0.75,0.1,7600006,False,,366,,True,0.7690,0.6690
adversarial,100,0.75,0.1,7600007,False,,321,,True,0.7187,0.6187
adversarial,100,0.75,0.1,7600008,True,971,322,-649,True,0.7621,0.6621
adversarial,100,0.75,0.1,7600009,True,121,419,298,False,0.9021,0.8021
adversarial,100,0.75,0.1,7600010,True,140,660,520,False,0.7818,0.6818
adversarial,100,0.75,0.1,7600011,True,397,397,0,True,0.8460,0.7460
adversarial,100,0.75,0.1,7600012,True,913,294,-619,True,0.7399,0.6399
adversarial,100,0.75,0.1,7600013,False,,508,,True,0.7093,0.6093
adversarial,100,0.75,0.1,7600014,True,149,362,213,False,0.9339,0.8339
adversarial,100,0.75,0.1,7600015,True,874,584,-290,True,0.8360,0.7360
adversarial,100,0.75,0.1,7600016,True,738,269,-469,True,0.7984,0.6984
adversarial,100,0.75,0.1,7600017,True,242,531,289,False,0.8671,0.7671
adversarial,100,0.75,0.1,7600018,False,,,,,0.6574,0.5574
adversarial,100,0.75,0.1,7600019,False,,358,,True,0.5612,0.4612
adversarial,100,0.75,0.1,7600020,False,,483,,True,0.6434,0.5434
adversarial,100,0.75,0.1,7600021,True,253,349,96,False,0.8454,0.7454
adversarial,100,0.75,0.1,7600022,True,117,510,393,False,0.8977,0.7977
adversarial,100,0.75,0.1,7600023,True,99,830,731,False,0.9416,0.8416
adversarial,100,0.75,0.1,7600024,False,,,,,0.6771,0.5771
adversarial,100,0.75,0.1,7600025,False,,964,,True,0.7534,0.6534
adversarial,100,0.75,0.1,7600026,False,,503,,True,0.6254,0.5254
adversarial,100,0.75,0.1,7600027,True,796,600,-196,True,0.8260,0.7260
adversarial,100,0.75,0.1,7600028,True,117,424,307,False,0.9287,0.8287
adversarial,100,0.75,0.1,7600029,False,,358,,True,0.7457,0.6457
adversarial,100,0.85,0.02,8600000,True,142,699,557,False,0.9497,0.9297
adversarial,100,0.85,0.02,8600001,False,,744,,True,0.7414,0.7214
adversarial,100,0.85,0.02,8600002,True,185,464,279,False,0.8451,0.8251
adversarial,100,0.85,0.02,8600003,False,,399,,True,0.7434,0.7234
adversarial,100,0.85,0.02,8600004,True,135,819,684,False,0.8869,0.8669
adversarial,100,0.85,0.02,8600005,False,,614,,True,0.7385,0.7185
adversarial,100,0.85,0.02,8600006,True,976,324,-652,True,0.7966,0.7766
adversarial,100,0.85,0.02,8600007,True,297,950,653,False,0.8171,0.7971
adversarial,100,0.85,0.02,8600008,True,100,902,802,False,0.9313,0.9113
adversarial,100,0.85,0.02,8600009,True,99,,,,0.8972,0.8772
adversarial,100,0.85,0.02,8600010,True,361,331,-30,True,0.8676,0.8476
adversarial,100,0.85,0.02,8600011,True,82,373,291,False,0.9385,0.9185
adversarial,100,0.85,0.02,8600012,True,168,,,,0.9463,0.9263
adversarial,100,0.85,0.02,8600013,True,509,521,12,False,0.8460,0.8260
adversarial,100,0.85,0.02,8600014,True,226,911,685,False,0.8542,0.8342
adversarial,100,0.85,0.02,8600015,True,967,,,,0.8030,0.7830
adversarial,100,0.85,0.02,8600016,True,583,482,-101,True,0.7881,0.7681
adversarial,100,0.85,0.02,8600017,True,115,,,,0.9525,0.9325
adversarial,100,0.85,0.02,8600018,False,,,,,0.7535,0.7335
adversarial,100,0.85,0.02,8600019,True,355,316,-39,True,0.8415,0.8215
adversarial,100,0.85,0.02,8600020,True,153,,,,0.8958,0.8758
adversarial,100,0.85,0.02,8600021,True,146,671,525,False,0.9278,0.9078
adversarial,100,0.85,0.02,8600022,True,638,281,-357,True,0.7985,0.7785
adversarial,100,0.85,0.02,8600023,True,117,749,632,False,0.9071,0.8871
adversarial,100,0.85,0.02,8600024,True,913,891,-22,True,0.7851,0.7651
adversarial,100,0.85,0.02,8600025,True,170,457,287,False,0.8631,0.8431
adversarial,100,0.85,0.02,8600026,False,,393,,True,0.7986,0.7786
adversarial,100,0.85,0.02,8600027,True,585,315,-270,True,0.8194,0.7994
adversarial,100,0.85,0.02,8600028,True,148,315,167,False,0.8742,0.8542
adversarial,100,0.85,0.02,8600029,True,168,702,534,False,0.9034,0.8834
adversarial,100,0.85,0.03,8600000,True,170,699,529,False,0.9497,0.9197
adversarial,100,0.85,0.03,8600001,False,,744,,True,0.7414,0.7114
adversarial,100,0.85,0.03,8600002,True,188,464,276,False,0.8451,0.8151
adversarial,100,0.85,0.03,8600003,False,,399,,True,0.7434,0.7134
adversarial,100,0.85,0.03,8600004,True,142,819,677,False,0.8869,0.8569
adversarial,100,0.85,0.03,8600005,False,,614,,True,0.7385,0.7085
adversarial,100,0.85,0.03,8600006,False,,324,,True,0.7966,0.7666
adversarial,100,0.85,0.03,8600007,True,842,950,108,False,0.8171,0.7871
adversarial,100,0.85,0.03,8600008,True,107,902,795,False,0.9313,0.9013
adversarial,100,0.85,0.03,8600009,True,102,,,,0.8972,0.8672
adversarial,100,0.85,0.03,8600010,True,366,331,-35,True,0.8676,0.8376
adversarial,100,0.85,0.03,8600011,True,83,373,290,False,0.9385,0.9085
adversarial,100,0.85,0.03,8600012,True,179,,,,0.9463,0.9163
adversarial,100,0.85,0.03,8600013,True,925,521,-404,True,0.8460,0.8160
adversarial,100,0.85,0.03,8600014,True,231,911,680,False,0.8542,0.8242
adversarial,100,0.85,0.03,8600015,True,976,,,,0.8030,0.7730
adversarial,100,0.85,0.03,8600016,True,994,482,-512,True,0.7881,0.7581
adversarial,100,0.85,0.03,8600017,True,123,,,,0.9525,0.9225
adversarial,100,0.85,0.03,8600018,False,,,,,0.7535,0.7235
adversarial,100,0.85,0.03,8600019,True,364,316,-48,True,0.8415,0.8115
adversarial,100,0.85,0.03,8600020,True,160,,,,0.8958,0.8658
adversarial,100,0.85,0.03,8600021,True,152,671,519,False,0.9278,0.8978
adversarial,100,0.85,0.03,8600022,True,722,281,-441,True,0.7985,0.7685
adversarial,100,0.85,0.03,8600023,True,121,749,628,False,0.9071,0.8771
adversarial,100,0.85,0.03,8600024,True,920,891,-29,True,0.7851,0.7551
adversarial,100,0.85,0.03,8600025,True,210,457,247,False,0.8631,0.8331
adversarial,100,0.85,0.03,8600026,False,,393,,True,0.7986,0.7686
adversarial,100,0.85,0.03,8600027,True,596,315,-281,True,0.8194,0.7894
adversarial,100,0.85,0.03,8600028,True,151,315,164,False,0.8742,0.8442
adversarial,100,0.85,0.03,8600029,True,321,702,381,False,0.9034,0.8734
adversarial,100,0.85,0.05,8600000,True,185,699,514,False,0.9497,0.8997
adversarial,100,0.85,0.05,8600001,False,,744,,True,0.7414,0.6914
adversarial,100,0.85,0.05,8600002,True,800,464,-336,True,0.8451,0.7951
adversarial,100,0.85,0.05,8600003,False,,399,,True,0.7434,0.6934
adversarial,100,0.85,0.05,8600004,True,204,819,615,False,0.8869,0.8369
adversarial,100,0.85,0.05,8600005,False,,614,,True,0.7385,0.6885
adversarial,100,0.85,0.05,8600006,False,,324,,True,0.7966,0.7466
adversarial,100,0.85,0.05,8600007,False,,950,,True,0.8171,0.7671
adversarial,100,0.85,0.05,8600008,True,127,902,775,False,0.9313,0.8813
adversarial,100,0.85,0.05,8600009,True,307,,,,0.8972,0.8472
adversarial,100,0.85,0.05,8600010,True,393,331,-62,True,0.8676,0.8176
adversarial,100,0.85,0.05,8600011,True,87,373,286,False,0.9385,0.8885
adversarial,100,0.85,0.05,8600012,True,206,,,,0.9463,0.8963
adversarial,100,0.85,0.05,8600013,False,,521,,True,0.8460,0.7960
adversarial,100,0.85,0.05,8600014,True,898,911,13,False,0.8542,0.8042
adversarial,100,0.85,0.05,8600015,True,991,,,,0.8030,0.7530
adversarial,100,0.85,0.05,8600016,False,,482,,True,0.7881,0.7381
adversarial,100,0.85,0.05,8600017,True,204,,,,0.9525,0.9025
adversarial,100,0.85,0.05,8600018,False,,,,,0.7535,0.7035
adversarial,100,0.85,0.05,8600019,True,746,316,-430,True,0.8415,0.7915
adversarial,100,0.85,0.05,8600020,True,187,,,,0.8958,0.8458
adversarial,100,0.85,0.05,8600021,True,167,671,504,False,0.9278,0.8778
adversarial,100,0.85,0.05,8600022,True,848,281,-567,True,0.7985,0.7485
adversarial,100,0.85,0.05,8600023,True,133,749,616,False,0.9071,0.8571
adversarial,100,0.85,0.05,8600024,True,933,891,-42,True,0.7851,0.7351
adversarial,100,0.85,0.05,8600025,True,295,457,162,False,0.8631,0.8131
adversarial,100,0.85,0.05,8600026,False,,393,,True,0.7986,0.7486
adversarial,100,0.85,0.05,8600027,True,619,315,-304,True,0.8194,0.7694
adversarial,100,0.85,0.05,8600028,True,175,315,140,False,0.8742,0.8242
adversarial,100,0.85,0.05,8600029,True,565,702,137,False,0.9034,0.8534
adversarial,100,0.85,0.08,8600000,True,239,699,460,False,0.9497,0.8697
adversarial,100,0.85,0.08,8600001,False,,744,,True,0.7414,0.6614
adversarial,100,0.85,0.08,8600002,False,,464,,True,0.8451,0.7651
adversarial,100,0.85,0.08,8600003,False,,399,,True,0.7434,0.6634
adversarial,100,0.85,0.08,8600004,True,810,819,9,False,0.8869,0.8069
adversarial,100,0.85,0.08,8600005,False,,614,,True,0.7385,0.6585
adversarial,100,0.85,0.08,8600006,False,,324,,True,0.7966,0.7166
adversarial,100,0.85,0.08,8600007,False,,950,,True,0.8171,0.7371
adversarial,100,0.85,0.08,8600008,True,176,902,726,False,0.9313,0.8513
adversarial,100,0.85,0.08,8600009,True,914,,,,0.8972,0.8172
adversarial,100,0.85,0.08,8600010,True,939,331,-608,True,0.8676,0.7876
adversarial,100,0.85,0.08,8600011,True,92,373,281,False,0.9385,0.8585
adversarial,100,0.85,0.08,8600012,True,232,,,,0.9463,0.8663
adversarial,100,0.85,0.08,8600013,False,,521,,True,0.8460,0.7660
adversarial,100,0.85,0.08,8600014,True,907,911,4,False,0.8542,0.7742
adversarial,100,0.85,0.08,8600015,False,,,,,0.8030,0.7230
adversarial,100,0.85,0.08,8600016,False,,482,,True,0.7881,0.7081
adversarial,100,0.85,0.08,8600017,True,239,,,,0.9525,0.8725
adversarial,100,0.85,0.08,8600018,False,,,,,0.7535,0.6735
adversarial,100,0.85,0.08,8600019,True,770,316,-454,True,0.8415,0.7615
adversarial,100,0.85,0.08,8600020,True,325,,,,0.8958,0.8158
adversarial,100,0.85,0.08,8600021,True,528,671,143,False,0.9278,0.8478
adversarial,100,0.85,0.08,8600022,False,,281,,True,0.7985,0.7185
adversarial,100,0.85,0.08,8600023,True,228,749,521,False,0.9071,0.8271
adversarial,100,0.85,0.08,8600024,False,,891,,True,0.7851,0.7051
adversarial,100,0.85,0.08,8600025,True,482,457,-25,True,0.8631,0.7831
adversarial,100,0.85,0.08,8600026,False,,393,,True,0.7986,0.7186
adversarial,100,0.85,0.08,8600027,True,627,315,-312,True,0.8194,0.7394
adversarial,100,0.85,0.08,8600028,True,575,315,-260,True,0.8742,0.7942
adversarial,100,0.85,0.08,8600029,True,703,702,-1,True,0.9034,0.8234
adversarial,100,0.85,0.1,8600000,True,249,699,450,False,0.9497,0.8497
adversarial,100,0.85,0.1,8600001,False,,744,,True,0.7414,0.6414
adversarial,100,0.85,0.1,8600002,False,,464,,True,0.8451,0.7451
adversarial,100,0.85,0.1,8600003,False,,399,,True,0.7434,0.6434
adversarial,100,0.85,0.1,8600004,True,827,819,-8,True,0.8869,0.7869
adversarial,100,0.85,0.1,8600005,False,,614,,True,0.7385,0.6385
adversarial,100,0.85,0.1,8600006,False,,324,,True,0.7966,0.6966
adversarial,100,0.85,0.1,8600007,False,,950,,True,0.8171,0.7171
adversarial,100,0.85,0.1,8600008,True,220,902,682,False,0.9313,0.8313
adversarial,100,0.85,0.1,8600009,True,962,,,,0.8972,0.7972
adversarial,100,0.85,0.1,8600010,True,947,331,-616,True,0.8676,0.7676
adversarial,100,0.85,0.1,8600011,True,98,373,275,False,0.9385,0.8385
adversarial,100,0.85,0.1,8600012,True,261,,,,0.9463,0.8463
adversarial,100,0.85,0.1,8600013,False,,521,,True,0.8460,0.7460
adversarial,100,0.85,0.1,8600014,True,912,911,-1,True,0.8542,0.7542
adversarial,100,0.85,0.1,8600015,False,,,,,0.8030,0.7030
adversarial,100,0.85,0.1,8600016,False,,482,,True,0.7881,0.6881
adversarial,100,0.85,0.1,8600017,True,244,,,,0.9525,0.8525
adversarial,100,0.85,0.1,8600018,False,,,,,0.7535,0.6535
adversarial,100,0.85,0.1,8600019,True,783,316,-467,True,0.8415,0.7415
adversarial,100,0.85,0.1,8600020,True,735,,,,0.8958,0.7958
adversarial,100,0.85,0.1,8600021,True,672,671,-1,True,0.9278,0.8278
adversarial,100,0.85,0.1,8600022,False,,281,,True,0.7985,0.6985
adversarial,100,0.85,0.1,8600023,True,577,749,172,False,0.9071,0.8071
adversarial,100,0.85,0.1,8600024,False,,891,,True,0.7851,0.6851
adversarial,100,0.85,0.1,8600025,True,500,457,-43,True,0.8631,0.7631
adversarial,100,0.85,0.1,8600026,False,,393,,True,0.7986,0.6986
adversarial,100,0.85,0.1,8600027,True,633,315,-318,True,0.8194,0.7194
adversarial,100,0.85,0.1,8600028,True,578,315,-263,True,0.8742,0.7742
adversarial,100,0.85,0.1,8600029,True,712,702,-10,True,0.9034,0.8034
adversarial,200,0.6,0.02,6200000,True,1709,1720,11,False,0.5566,0.5366
adversarial,200,0.6,0.02,6200001,True,116,1466,1350,False,0.7084,0.6884
adversarial,200,0.6,0.02,6200002,True,1532,571,-961,True,0.5803,0.5603
adversarial,200,0.6,0.02,6200003,True,195,712,517,False,0.6665,0.6465
adversarial,200,0.6,0.02,6200004,True,96,,,,0.8052,0.7852
adversarial,200,0.6,0.02,6200005,True,184,534,350,False,0.7160,0.6960
adversarial,200,0.6,0.02,6200006,True,1088,524,-564,True,0.5893,0.5693
adversarial,200,0.6,0.02,6200007,True,1030,609,-421,True,0.6179,0.5979
adversarial,200,0.6,0.02,6200008,True,129,646,517,False,0.6906,0.6706
adversarial,200,0.6,0.02,6200009,True,1755,1272,-483,True,0.5495,0.5295
adversarial,200,0.6,0.02,6200010,True,1568,570,-998,True,0.5003,0.4803
adversarial,200,0.6,0.02,6200011,True,183,927,744,False,0.6800,0.6600
adversarial,200,0.6,0.02,6200012,True,92,1169,1077,False,0.6828,0.6628
adversarial,200,0.6,0.02,6200013,True,172,741,569,False,0.7133,0.6933
adversarial,200,0.6,0.02,6200014,False,,768,,True,0.4635,0.4435
adversarial,200,0.6,0.02,6200015,True,1151,591,-560,True,0.5745,0.5545
adversarial,200,0.6,0.02,6200016,False,,618,,True,0.3744,0.3544
adversarial,200,0.6,0.02,6200017,True,104,539,435,False,0.7420,0.7220
adversarial,200,0.6,0.02,6200018,True,1204,718,-486,True,0.5959,0.5759
adversarial,200,0.6,0.02,6200019,True,84,621,537,False,0.8909,0.8709
adversarial,200,0.6,0.02,6200020,False,,1840,,True,0.4482,0.4282
adversarial,200,0.6,0.02,6200021,False,,601,,True,0.4688,0.4488
adversarial,200,0.6,0.02,6200022,True,103,529,426,False,0.7385,0.7185
adversarial,200,0.6,0.02,6200023,True,479,1409,930,False,0.6521,0.6321
adversarial,200,0.6,0.02,6200024,True,594,587,-7,True,0.6366,0.6166
adversarial,200,0.6,0.02,6200025,True,362,861,499,False,0.6554,0.6354
adversarial,200,0.6,0.02,6200026,True,1170,540,-630,True,0.5583,0.5383
adversarial,200,0.6,0.02,6200027,True,421,1544,1123,False,0.6379,0.6179
adversarial,200,0.6,0.02,6200028,True,142,523,381,False,0.7315,0.7115
adversarial,200,0.6,0.02,6200029,True,1917,913,-1004,True,0.4712,0.4512
adversarial,200,0.6,0.03,6200000,True,1713,1720,7,False,0.5566,0.5266
adversarial,200,0.6,0.03,6200001,True,120,1466,1346,False,0.7084,0.6784
adversarial,200,0.6,0.03,6200002,True,1534,571,-963,True,0.5803,0.5503
adversarial,200,0.6,0.03,6200003,True,197,712,515,False,0.6665,0.6365
adversarial,200,0.6,0.03,6200004,True,98,,,,0.8052,0.7752
adversarial,200,0.6,0.03,6200005,True,188,534,346,False,0.7160,0.6860
adversarial,200,0.6,0.03,6200006,True,1092,524,-568,True,0.5893,0.5593
adversarial,200,0.6,0.03,6200007,True,1031,609,-422,True,0.6179,0.5879
adversarial,200,0.6,0.03,6200008,True,133,646,513,False,0.6906,0.6606
adversarial,200,0.6,0.03,6200009,True,1764,1272,-492,True,0.5495,0.5195
adversarial,200,0.6,0.03,6200010,False,,570,,True,0.5003,0.4703
adversarial,200,0.6,0.03,6200011,True,237,927,690,False,0.6800,0.6500
adversarial,200,0.6,0.03,6200012,True,98,1169,1071,False,0.6828,0.6528
adversarial,200,0.6,0.03,6200013,True,180,741,561,False,0.7133,0.6833
adversarial,200,0.6,0.03,6200014,False,,768,,True,0.4635,0.4335
adversarial,200,0.6,0.03,6200015,True,1159,591,-568,True,0.5745,0.5445
adversarial,200,0.6,0.03,6200016,False,,618,,True,0.3744,0.3444
adversarial,200,0.6,0.03,6200017,True,179,539,360,False,0.7420,0.7120
adversarial,200,0.6,0.03,6200018,True,1449,718,-731,True,0.5959,0.5659
adversarial,200,0.6,0.03,6200019,True,85,621,536,False,0.8909,0.8609
adversarial,200,0.6,0.03,6200020,False,,1840,,True,0.4482,0.4182
adversarial,200,0.6,0.03,6200021,False,,601,,True,0.4688,0.4388
adversarial,200,0.6,0.03,6200022,True,106,529,423,False,0.7385,0.7085
adversarial,200,0.6,0.03,6200023,True,495,1409,914,False,0.6521,0.6221
adversarial,200,0.6,0.03,6200024,True,956,587,-369,True,0.6366,0.6066
adversarial,200,0.6,0.03,6200025,True,364,861,497,False,0.6554,0.6254
adversarial,200,0.6,0.03,6200026,True,1175,540,-635,True,0.5583,0.5283
adversarial,200,0.6,0.03,6200027,True,426,1544,1118,False,0.6379,0.6079
adversarial,200,0.6,0.03,6200028,True,144,523,379,False,0.7315,0.7015
adversarial,200,0.6,0.03,6200029,False,,913,,True,0.4712,0.4412
adversarial,200,0.6,0.05,6200000,True,1719,1720,1,False,0.5566,0.5066
adversarial,200,0.6,0.05,6200001,True,126,1466,1340,False,0.7084,0.6584
adversarial,200,0.6,0.05,6200002,True,1537,571,-966,True,0.5803,0.5303
adversarial,200,0.6,0.05,6200003,True,201,712,511,False,0.6665,0.6165
adversarial,200,0.6,0.05,6200004,True,101,,,,0.8052,0.7552
adversarial,200,0.6,0.05,6200005,True,233,534,301,False,0.7160,0.6660
adversarial,200,0.6,0.05,6200006,True,1104,524,-580,True,0.5893,0.5393
adversarial,200,0.6,0.05,6200007,True,1033,609,-424,True,0.6179,0.5679
adversarial,200,0.6,0.05,6200008,True,136,646,510,False,0.6906,0.6406
adversarial,200,0.6,0.05,6200009,True,1780,1272,-508,True,0.5495,0.4995
adversarial,200,0.6,0.05,6200010,False,,570,,True,0.5003,0.4503
adversarial,200,0.6,0.05,6200011,True,410,927,517,False,0.6800,0.6300
adversarial,200,0.6,0.05,6200012,True,361,1169,808,False,0.6828,0.6328
adversarial,200,0.6,0.05,6200013,True,469,741,272,False,0.7133,0.6633
adversarial,200,0.6,0.05,6200014,False,,768,,True,0.4635,0.4135
adversarial,200,0.6,0.05,6200015,True,1476,591,-885,True,0.5745,0.5245
adversarial,200,0.6,0.05,6200016,False,,618,,True,0.3744,0.3244
adversarial,200,0.6,0.05,6200017,True,294,539,245,False,0.7420,0.6920
adversarial,200,0.6,0.05,6200018,True,1456,718,-738,True,0.5959,0.5459
adversarial,200,0.6,0.05,6200019,True,88,621,533,False,0.8909,0.8409
adversarial,200,0.6,0.05,6200020,False,,1840,,True,0.4482,0.3982
adversarial,200,0.6,0.05,6200021,False,,601,,True,0.4688,0.4188
adversarial,200,0.6,0.05,6200022,True,124,529,405,False,0.7385,0.6885
adversarial,200,0.6,0.05,6200023,True,1368,1409,41,False,0.6521,0.6021
adversarial,200,0.6,0.05,6200024,True,989,587,-402,True,0.6366,0.5866
adversarial,200,0.6,0.05,6200025,True,368,861,493,False,0.6554,0.6054
adversarial,200,0.6,0.05,6200026,True,1188,540,-648,True,0.5583,0.5083
adversarial,200,0.6,0.05,6200027,True,460,1544,1084,False,0.6379,0.5879
adversarial,200,0.6,0.05,6200028,True,147,523,376,False,0.7315,0.6815
adversarial,200,0.6,0.05,6200029,False,,913,,True,0.4712,0.4212
adversarial,200,0.6,0.08,6200000,True,1737,1720,-17,True,0.5566,0.4766
adversarial,200,0.6,0.08,6200001,True,136,1466,1330,False,0.7084,0.6284
adversarial,200,0.6,0.08,6200002,True,1777,571,-1206,True,0.5803,0.5003
adversarial,200,0.6,0.08,6200003,True,391,712,321,False,0.6665,0.5865
adversarial,200,0.6,0.08,6200004,True,114,,,,0.8052,0.7252
adversarial,200,0.6,0.08,6200005,True,1113,534,-579,True,0.7160,0.6360
adversarial,200,0.6,0.08,6200006,True,1353,524,-829,True,0.5893,0.5093
adversarial,200,0.6,0.08,6200007,True,1036,609,-427,True,0.6179,0.5379
adversarial,200,0.6,0.08,6200008,True,1219,646,-573,True,0.6906,0.6106
adversarial,200,0.6,0.08,6200009,False,,1272,,True,0.5495,0.4695
adversarial,200,0.6,0.08,6200010,False,,570,,True,0.5003,0.4203
adversarial,200,0.6,0.08,6200011,True,937,927,-10,True,0.6800,0.6000
adversarial,200,0.6,0.08,6200012,True,996,1169,173,False,0.6828,0.6028
adversarial,200,0.6,0.08,6200013,True,844,741,-103,True,0.7133,0.6333
adversarial,200,0.6,0.08,6200014,False,,768,,True,0.4635,0.3835
adversarial,200,0.6,0.08,6200015,True,1491,591,-900,True,0.5745,0.4945
adversarial,200,0.6,0.08,6200016,False,,618,,True,0.3744,0.2944
adversarial,200,0.6,0.08,6200017,True,303,539,236,False,0.7420,0.6620
adversarial,200,0.6,0.08,6200018,False,,718,,True,0.5959,0.5159
adversarial,200,0.6,0.08,6200019,True,96,621,525,False,0.8909,0.8109
adversarial,200,0.6,0.08,6200020,False,,1840,,True,0.4482,0.3682
adversarial,200,0.6,0.08,6200021,False,,601,,True,0.4688,0.3888
adversarial,200,0.6,0.08,6200022,True,295,529,234,False,0.7385,0.6585
adversarial,200,0.6,0.08,6200023,True,1388,1409,21,False,0.6521,0.5721
adversarial,200,0.6,0.08,6200024,True,1415,587,-828,True,0.6366,0.5566
adversarial,200,0.6,0.08,6200025,True,903,861,-42,True,0.6554,0.5754
adversarial,200,0.6,0.08,6200026,True,1506,540,-966,True,0.5583,0.4783
adversarial,200,0.6,0.08,6200027,True,1212,1544,332,False,0.6379,0.5579
adversarial,200,0.6,0.08,6200028,True,152,523,371,False,0.7315,0.6515
adversarial,200,0.6,0.08,6200029,False,,913,,True,0.4712,0.3912
adversarial,200,0.6,0.1,6200000,True,1757,1720,-37,True,0.5566,0.4566
adversarial,200,0.6,0.1,6200001,True,141,1466,1325,False,0.7084,0.6084
adversarial,200,0.6,0.1,6200002,False,,571,,True,0.5803,0.4803
adversarial,200,0.6,0.1,6200003,True,1562,712,-850,True,0.6665,0.5665
adversarial,200,0.6,0.1,6200004,True,177,,,,0.8052,0.7052
adversarial,200,0.6,0.1,6200005,True,1125,534,-591,True,0.7160,0.6160
adversarial,200,0.6,0.1,6200006,True,1360,524,-836,True,0.5893,0.4893
adversarial,200,0.6,0.1,6200007,True,1725,609,-1116,True,0.6179,0.5179
adversarial,200,0.6,0.1,6200008,True,1384,646,-738,True,0.6906,0.5906
adversarial,200,0.6,0.1,6200009,False,,1272,,True,0.5495,0.4495
adversarial,200,0.6,0.1,6200010,False,,570,,True,0.5003,0.4003
adversarial,200,0.6,0.1,6200011,True,941,927,-14,True,0.6800,0.5800
adversarial,200,0.6,0.1,6200012,True,1002,1169,167,False,0.6828,0.5828
adversarial,200,0.6,0.1,6200013,True,873,741,-132,True,0.7133,0.6133
adversarial,200,0.6,0.1,6200014,False,,768,,True,0.4635,0.3635
adversarial,200,0.6,0.1,6200015,False,,591,,True,0.5745,0.4745
adversarial,200,0.6,0.1,6200016,False,,618,,True,0.3744,0.2744
adversarial,200,0.6,0.1,6200017,True,328,539,211,False,0.7420,0.6420
adversarial,200,0.6,0.1,6200018,False,,718,,True,0.5959,0.4959
adversarial,200,0.6,0.1,6200019,True,98,621,523,False,0.8909,0.7909
adversarial,200,0.6,0.1,6200020,False,,1840,,True,0.4482,0.3482
adversarial,200,0.6,0.1,6200021,False,,601,,True,0.4688,0.3688
adversarial,200,0.6,0.1,6200022,True,324,529,205,False,0.7385,0.6385
adversarial,200,0.6,0.1,6200023,True,1395,1409,14,False,0.6521,0.5521
adversarial,200,0.6,0.1,6200024,True,1610,587,-1023,True,0.6366,0.5366
adversarial,200,0.6,0.1,6200025,True,1382,861,-521,True,0.6554,0.5554
adversarial,200,0.6,0.1,6200026,False,,540,,True,0.5583,0.4583
adversarial,200,0.6,0.1,6200027,True,1537,1544,7,False,0.6379,0.5379
adversarial,200,0.6,0.1,6200028,True,156,523,367,False,0.7315,0.6315
adversarial,200,0.6,0.1,6200029,False,,913,,True,0.4712,0.3712
adversarial,200,0.75,0.02,7700000,True,195,1102,907,False,0.8030,0.7830
adversarial,200,0.75,0.02,7700001,True,166,1365,1199,False,0.8469,0.8269
adversarial,200,0.75,0.02,7700002,True,1615,964,-651,True,0.6347,0.6147
adversarial,200,0.75,0.02,7700003,True,1090,1553,463,False,0.6687,0.6487
adversarial,200,0.75,0.02,7700004,True,397,543,146,False,0.8106,0.7906
adversarial,200,0.75,0.02,7700005,True,126,,,,0.8292,0.8092
adversarial,200,0.75,0.02,7700006,True,377,1521,1144,False,0.8444,0.8244
adversarial,200,0.75,0.02,7700007,True,98,927,829,False,0.8960,0.8760
adversarial,200,0.75,0.02,7700008,True,121,523,402,False,0.8259,0.8059
adversarial,200,0.75,0.02,7700009,True,1704,1712,8,False,0.6982,0.6782
adversarial,200,0.75,0.02,7700010,True,790,799,9,False,0.7437,0.7237
adversarial,200,0.75,0.02,7700011,True,421,941,520,False,0.7870,0.7670
adversarial,200,0.75,0.02,7700012,True,108,1305,1197,False,0.8674,0.8474
adversarial,200,0.75,0.02,7700013,True,117,1242,1125,False,0.8184,0.7984
adversarial,200,0.75,0.02,7700014,True,903,521,-382,True,0.6990,0.6790
adversarial,200,0.75,0.02,7700015,True,1202,1208,6,False,0.7187,0.6987
adversarial,200,0.75,0.02,7700016,True,939,947,8,False,0.7685,0.7485
adversarial,200,0.75,0.02,7700017,True,163,787,624,False,0.8495,0.8295
adversarial,200,0.75,0.02,7700018,True,241,646,405,False,0.7241,0.7041
adversarial,200,0.75,0.02,7700019,True,785,885,100,False,0.7485,0.7285
adversarial,200,0.75,0.02,7700020,True,635,858,223,False,0.7911,0.7711
adversarial,200,0.75,0.02,7700021,True,664,550,-114,True,0.7591,0.7391
adversarial,200,0.75,0.02,7700022,True,854,1467,613,False,0.7387,0.7187
adversarial,200,0.75,0.02,7700023,True,246,1788,1542,False,0.8614,0.8414
adversarial,200,0.75,0.02,7700024,True,1383,629,-754,True,0.6961,0.6761
adversarial,200,0.75,0.02,7700025,True,82,900,818,False,0.9432,0.9232
adversarial,200,0.75,0.02,7700026,True,1562,740,-822,True,0.6777,0.6577
adversarial,200,0.75,0.02,7700027,True,1662,1029,-633,True,0.6667,0.6467
adversarial,200,0.75,0.02,7700028,True,1297,894,-403,True,0.7403,0.7203
adversarial,200,0.75,0.02,7700029,True,1275,1136,-139,True,0.6947,0.6747
adversarial,200,0.75,0.03,7700000,True,198,1102,904,False,0.8030,0.7730
adversarial,200,0.75,0.03,7700001,True,171,1365,1194,False,0.8469,0.8169
adversarial,200,0.75,0.03,7700002,True,1622,964,-658,True,0.6347,0.6047
adversarial,200,0.75,0.03,7700003,True,1099,1553,454,False,0.6687,0.6387
adversarial,200,0.75,0.03,7700004,True,407,543,136,False,0.8106,0.7806
adversarial,200,0.75,0.03,7700005,True,128,,,,0.8292,0.7992
adversarial,200,0.75,0.03,7700006,True,412,1521,1109,False,0.8444,0.8144
adversarial,200,0.75,0.03,7700007,True,101,927,826,False,0.8960,0.8660
adversarial,200,0.75,0.03,7700008,True,128,523,395,False,0.8259,0.7959
adversarial,200,0.75,0.03,7700009,True,1706,1712,6,False,0.6982,0.6682
adversarial,200,0.75,0.03,7700010,True,791,799,8,False,0.7437,0.7137
adversarial,200,0.75,0.03,7700011,True,428,941,513,False,0.7870,0.7570
adversarial,200,0.75,0.03,7700012,True,111,1305,1194,False,0.8674,0.8374
adversarial,200,0.75,0.03,7700013,True,151,1242,1091,False,0.8184,0.7884
adversarial,200,0.75,0.03,7700014,True,1554,521,-1033,True,0.6990,0.6690
adversarial,200,0.75,0.03,7700015,True,1205,1208,3,False,0.7187,0.6887
adversarial,200,0.75,0.03,7700016,True,943,947,4,False,0.7685,0.7385
adversarial,200,0.75,0.03,7700017,True,175,787,612,False,0.8495,0.8195
adversarial,200,0.75,0.03,7700018,True,652,646,-6,True,0.7241,0.6941
adversarial,200,0.75,0.03,7700019,True,885,885,0,True,0.7485,0.7185
adversarial,200,0.75,0.03,7700020,True,786,858,72,False,0.7911,0.7611
adversarial,200,0.75,0.03,7700021,True,668,550,-118,True,0.7591,0.7291
adversarial,200,0.75,0.03,7700022,True,879,1467,588,False,0.7387,0.7087
adversarial,200,0.75,0.03,7700023,True,253,1788,1535,False,0.8614,0.8314
adversarial,200,0.75,0.03,7700024,True,1387,629,-758,True,0.6961,0.6661
adversarial,200,0.75,0.03,7700025,True,90,900,810,False,0.9432,0.9132
adversarial,200,0.75,0.03,7700026,True,1724,740,-984,True,0.6777,0.6477
adversarial,200,0.75,0.03,7700027,True,1666,1029,-637,True,0.6667,0.6367
adversarial,200,0.75,0.03,7700028,True,1304,894,-410,True,0.7403,0.7103
adversarial,200,0.75,0.03,7700029,True,1303,1136,-167,True,0.6947,0.6647
adversarial,200,0.75,0.05,7700000,True,207,1102,895,False,0.8030,0.7530
adversarial,200,0.75,0.05,7700001,True,192,1365,1173,False,0.8469,0.7969
adversarial,200,0.75,0.05,7700002,True,1878,964,-914,True,0.6347,0.5847
adversarial,200,0.75,0.05,7700003,True,1731,1553,-178,True,0.6687,0.6187
adversarial,200,0.75,0.05,7700004,True,526,543,17,False,0.8106,0.7606
adversarial,200,0.75,0.05,7700005,True,129,,,,0.8292,0.7792
adversarial,200,0.75,0.05,7700006,True,441,1521,1080,False,0.8444,0.7944
adversarial,200,0.75,0.05,7700007,True,106,927,821,False,0.8960,0.8460
adversarial,200,0.75,0.05,7700008,True,320,523,203,False,0.8259,0.7759
adversarial,200,0.75,0.05,7700009,True,1720,1712,-8,True,0.6982,0.6482
adversarial,200,0.75,0.05,7700010,True,798,799,1,False,0.7437,0.6937
adversarial,200,0.75,0.05,7700011,True,455,941,486,False,0.7870,0.7370
adversarial,200,0.75,0.05,7700012,True,129,1305,1176,False,0.8674,0.8174
adversarial,200,0.75,0.05,7700013,True,172,1242,1070,False,0.8184,0.7684
adversarial,200,0.75,0.05,7700014,True,1601,521,-1080,True,0.6990,0.6490
adversarial,200,0.75,0.05,7700015,True,1213,1208,-5,True,0.7187,0.6687
adversarial,200,0.75,0.05,7700016,True,954,947,-7,True,0.7685,0.7185
adversarial,200,0.75,0.05,7700017,True,187,787,600,False,0.8495,0.7995
adversarial,200,0.75,0.05,7700018,True,1026,646,-380,True,0.7241,0.6741
adversarial,200,0.75,0.05,7700019,True,897,885,-12,True,0.7485,0.6985
adversarial,200,0.75,0.05,7700020,True,852,858,6,False,0.7911,0.7411
adversarial,200,0.75,0.05,7700021,True,724,550,-174,True,0.7591,0.7091
adversarial,200,0.75,0.05,7700022,True,901,1467,566,False,0.7387,0.6887
adversarial,200,0.75,0.05,7700023,True,282,1788,1506,False,0.8614,0.8114
adversarial,200,0.75,0.05,7700024,True,1397,629,-768,True,0.6961,0.6461
adversarial,200,0.75,0.05,7700025,True,95,900,805,False,0.9432,0.8932
adversarial,200,0.75,0.05,7700026,True,1739,740,-999,True,0.6777,0.6277
adversarial,200,0.75,0.05,7700027,False,,1029,,True,0.6667,0.6167
adversarial,200,0.75,0.05,7700028,True,1325,894,-431,True,0.7403,0.6903
adversarial,200,0.75,0.05,7700029,False,,1136,,True,0.6947,0.6447
adversarial,200,0.75,0.08,7700000,True,1135,1102,-33,True,0.8030,0.7230
adversarial,200,0.75,0.08,7700001,True,259,1365,1106,False,0.8469,0.7669
adversarial,200,0.75,0.08,7700002,False,,964,,True,0.6347,0.5547
adversarial,200,0.75,0.08,7700003,True,1746,1553,-193,True,0.6687,0.5887
adversarial,200,0.75,0.08,7700004,True,621,543,-78,True,0.8106,0.7306
adversarial,200,0.75,0.08,7700005,True,132,,,,0.8292,0.7492
adversarial,200,0.75,0.08,7700006,True,466,1521,1055,False,0.8444,0.7644
adversarial,200,0.75,0.08,7700007,True,125,927,802,False,0.8960,0.8160
adversarial,200,0.75,0.08,7700008,True,336,523,187,False,0.8259,0.7459
adversarial,200,0.75,0.08,7700009,True,1794,1712,-82,True,0.6982,0.6182
adversarial,200,0.75,0.08,7700010,True,1635,799,-836,True,0.7437,0.6637
adversarial,200,0.75,0.08,7700011,True,981,941,-40,True,0.7870,0.7070
adversarial,200,0.75,0.08,7700012,True,417,1305,888,False,0.8674,0.7874
adversarial,200,0.75,0.08,7700013,True,944,1242,298,False,0.8184,0.7384
adversarial,200,0.75,0.08,7700014,True,1632,521,-1111,True,0.6990,0.6190
adversarial,200,0.75,0.08,7700015,True,1219,1208,-11,True,0.7187,0.6387
adversarial,200,0.75,0.08,7700016,True,1239,947,-292,True,0.7685,0.6885
adversarial,200,0.75,0.08,7700017,True,272,787,515,False,0.8495,0.7695
adversarial,200,0.75,0.08,7700018,True,1888,646,-1242,True,0.7241,0.6441
adversarial,200,0.75,0.08,7700019,True,1494,885,-609,True,0.7485,0.6685
adversarial,200,0.75,0.08,7700020,True,865,858,-7,True,0.7911,0.7111
adversarial,200,0.75,0.08,7700021,True,1080,550,-530,True,0.7591,0.6791
adversarial,200,0.75,0.08,7700022,True,1542,1467,-75,True,0.7387,0.6587
adversarial,200,0.75,0.08,7700023,True,303,1788,1485,False,0.8614,0.7814
adversarial,200,0.75,0.08,7700024,False,,629,,True,0.6961,0.6161
adversarial,200,0.75,0.08,7700025,True,158,900,742,False,0.9432,0.8632
adversarial,200,0.75,0.08,7700026,False,,740,,True,0.6777,0.5977
adversarial,200,0.75,0.08,7700027,False,,1029,,True,0.6667,0.5867
adversarial,200,0.75,0.08,7700028,True,1395,894,-501,True,0.7403,0.6603
adversarial,200,0.75,0.08,7700029,False,,1136,,True,0.6947,0.6147
adversarial,200,0.75,0.1,7700000,True,1202,1102,-100,True,0.8030,0.7030
adversarial,200,0.75,0.1,7700001,True,372,1365,993,False,0.8469,0.7469
adversarial,200,0.75,0.1,7700002,False,,964,,True,0.6347,0.5347
adversarial,200,0.75,0.1,7700003,True,1751,1553,-198,True,0.6687,0.5687
adversarial,200,0.75,0.1,7700004,True,1603,543,-1060,True,0.8106,0.7106
adversarial,200,0.75,0.1,7700005,True,136,,,,0.8292,0.7292
adversarial,200,0.75,0.1,7700006,True,479,1521,1042,False,0.8444,0.7444
adversarial,200,0.75,0.1,7700007,True,131,927,796,False,0.8960,0.7960
adversarial,200,0.75,0.1,7700008,True,630,523,-107,True,0.8259,0.7259
adversarial,200,0.75,0.1,7700009,False,,1712,,True,0.6982,0.5982
adversarial,200,0.75,0.1,7700010,True,1645,799,-846,True,0.7437,0.6437
adversarial,200,0.75,0.1,7700011,True,1284,941,-343,True,0.7870,0.6870
adversarial,200,0.75,0.1,7700012,True,427,1305,878,False,0.8674,0.7674
adversarial,200,0.75,0.1,7700013,True,953,1242,289,False,0.8184,0.7184
adversarial,200,0.75,0.1,7700014,True,1642,521,-1121,True,0.6990,0.5990
adversarial,200,0.75,0.1,7700015,True,1230,1208,-22,True,0.7187,0.6187
adversarial,200,0.75,0.1,7700016,True,1349,947,-402,True,0.7685,0.6685
adversarial,200,0.75,0.1,7700017,True,285,787,502,False,0.8495,0.7495
adversarial,200,0.75,0.1,7700018,True,1894,646,-1248,True,0.7241,0.6241
adversarial,200,0.75,0.1,7700019,True,1640,885,-755,True,0.7485,0.6485
adversarial,200,0.75,0.1,7700020,True,874,858,-16,True,0.7911,0.6911
adversarial,200,0.75,0.1,7700021,True,1718,550,-1168,True,0.7591,0.6591
adversarial,200,0.75,0.1,7700022,True,1832,1467,-365,True,0.7387,0.6387
adversarial,200,0.75,0.1,7700023,True,397,1788,1391,False,0.8614,0.7614
adversarial,200,0.75,0.1,7700024,False,,629,,True,0.6961,0.5961
adversarial,200,0.75,0.1,7700025,True,174,900,726,False,0.9432,0.8432
adversarial,200,0.75,0.1,7700026,False,,740,,True,0.6777,0.5777
adversarial,200,0.75,0.1,7700027,False,,1029,,True,0.6667,0.5667
adversarial,200,0.75,0.1,7700028,True,1981,894,-1087,True,0.7403,0.6403
adversarial,200,0.75,0.1,7700029,False,,1136,,True,0.6947,0.5947
adversarial,200,0.85,0.02,8700000,True,182,658,476,False,0.8971,0.8771
adversarial,200,0.85,0.02,8700001,True,532,875,343,False,0.8515,0.8315
adversarial,200,0.85,0.02,8700002,True,1464,1893,429,False,0.7882,0.7682
adversarial,200,0.85,0.02,8700003,True,1939,962,-977,True,0.7458,0.7258
adversarial,200,0.85,0.02,8700004,True,174,847,673,False,0.8916,0.8716
adversarial,200,0.85,0.02,8700005,True,703,794,91,False,0.8588,0.8388
adversarial,200,0.85,0.02,8700006,True,1274,593,-681,True,0.8138,0.7938
adversarial,200,0.85,0.02,8700007,True,947,891,-56,True,0.8319,0.8119
adversarial,200,0.85,0.02,8700008,True,609,1161,552,False,0.8134,0.7934
adversarial,200,0.85,0.02,8700009,True,191,683,492,False,0.8934,0.8734
adversarial,200,0.85,0.02,8700010,True,725,735,10,False,0.8450,0.8250
adversarial,200,0.85,0.02,8700011,True,123,561,438,False,0.9260,0.9060
adversarial,200,0.85,0.02,8700012,True,246,1154,908,False,0.8295,0.8095
adversarial,200,0.85,0.02,8700013,True,1323,770,-553,True,0.7936,0.7736
adversarial,200,0.85,0.02,8700014,True,157,609,452,False,0.9436,0.9236
adversarial,200,0.85,0.02,8700015,True,112,757,645,False,0.9025,0.8825
adversarial,200,0.85,0.02,8700016,True,128,971,843,False,0.9198,0.8998
adversarial,200,0.85,0.02,8700017,True,323,591,268,False,0.8760,0.8560
adversarial,200,0.85,0.02,8700018,True,1598,952,-646,True,0.7576,0.7376
adversarial,200,0.85,0.02,8700019,True,624,617,-7,True,0.7709,0.7509
adversarial,200,0.85,0.02,8700020,True,403,696,293,False,0.8833,0.8633
adversarial,200,0.85,0.02,8700021,True,134,637,503,False,0.9041,0.8841
adversarial,200,0.85,0.02,8700022,True,119,564,445,False,0.9298,0.9098
adversarial,200,0.85,0.02,8700023,True,558,529,-29,True,0.8439,0.8239
adversarial,200,0.85,0.02,8700024,True,780,776,-4,True,0.8410,0.8210
adversarial,200,0.85,0.02,8700025,False,,862,,True,0.6402,0.6202
adversarial,200,0.85,0.02,8700026,True,274,676,402,False,0.8674,0.8474
adversarial,200,0.85,0.02,8700027,True,127,544,417,False,0.9520,0.9320
adversarial,200,0.85,0.02,8700028,True,1313,1362,49,False,0.8204,0.8004
adversarial,200,0.85,0.02,8700029,True,111,739,628,False,0.9821,0.9621
adversarial,200,0.85,0.03,8700000,True,189,658,469,False,0.8971,0.8671
adversarial,200,0.85,0.03,8700001,True,541,875,334,False,0.8515,0.8215
adversarial,200,0.85,0.03,8700002,True,1471,1893,422,False,0.7882,0.7582
adversarial,200,0.85,0.03,8700003,True,1944,962,-982,True,0.7458,0.7158
adversarial,200,0.85,0.03,8700004,True,180,847,667,False,0.8916,0.8616
adversarial,200,0.85,0.03,8700005,True,794,794,0,True,0.8588,0.8288
adversarial,200,0.85,0.03,8700006,True,1277,593,-684,True,0.8138,0.7838
adversarial,200,0.85,0.03,8700007,True,976,891,-85,True,0.8319,0.8019
adversarial,200,0.85,0.03,8700008,True,1040,1161,121,False,0.8134,0.7834
adversarial,200,0.85,0.03,8700009,True,207,683,476,False,0.8934,0.8634
adversarial,200,0.85,0.03,8700010,True,913,735,-178,True,0.8450,0.8150
adversarial,200,0.85,0.03,8700011,True,126,561,435,False,0.9260,0.8960
adversarial,200,0.85,0.03,8700012,True,1046,1154,108,False,0.8295,0.7995
adversarial,200,0.85,0.03,8700013,True,1402,770,-632,True,0.7936,0.7636
adversarial,200,0.85,0.03,8700014,True,160,609,449,False,0.9436,0.9136
adversarial,200,0.85,0.03,8700015,True,113,757,644,False,0.9025,0.8725
adversarial,200,0.85,0.03,8700016,True,130,971,841,False,0.9198,0.8898
adversarial,200,0.85,0.03,8700017,True,334,591,257,False,0.8760,0.8460
adversarial,200,0.85,0.03,8700018,True,1704,952,-752,True,0.7576,0.7276
adversarial,200,0.85,0.03,8700019,True,628,617,-11,True,0.7709,0.7409
adversarial,200,0.85,0.03,8700020,True,415,696,281,False,0.8833,0.8533
adversarial,200,0.85,0.03,8700021,True,214,637,423,False,0.9041,0.8741
adversarial,200,0.85,0.03,8700022,True,125,564,439,False,0.9298,0.8998
adversarial,200,0.85,0.03,8700023,True,813,529,-284,True,0.8439,0.8139
adversarial,200,0.85,0.03,8700024,True,782,776,-6,True,0.8410,0.8110
adversarial,200,0.85,0.03,8700025,False,,862,,True,0.6402,0.6102
adversarial,200,0.85,0.03,8700026,True,276,676,400,False,0.8674,0.8374
adversarial,200,0.85,0.03,8700027,True,132,544,412,False,0.9520,0.9220
adversarial,200,0.85,0.03,8700028,True,1338,1362,24,False,0.8204,0.7904
adversarial,200,0.85,0.03,8700029,True,112,739,627,False,0.9821,0.9521
adversarial,200,0.85,0.05,8700000,True,244,658,414,False,0.8971,0.8471
adversarial,200,0.85,0.05,8700001,True,878,875,-3,True,0.8515,0.8015
adversarial,200,0.85,0.05,8700002,True,1480,1893,413,False,0.7882,0.7382
adversarial,200,0.85,0.05,8700003,False,,962,,True,0.7458,0.6958
adversarial,200,0.85,0.05,8700004,True,444,847,403,False,0.8916,0.8416
adversarial,200,0.85,0.05,8700005,True,911,794,-117,True,0.8588,0.8088
adversarial,200,0.85,0.05,8700006,True,1284,593,-691,True,0.8138,0.7638
adversarial,200,0.85,0.05,8700007,True,988,891,-97,True,0.8319,0.7819
adversarial,200,0.85,0.05,8700008,True,1157,1161,4,False,0.8134,0.7634
adversarial,200,0.85,0.05,8700009,True,368,683,315,False,0.8934,0.8434
adversarial,200,0.85,0.05,8700010,True,932,735,-197,True,0.8450,0.7950
adversarial,200,0.85,0.05,8700011,True,134,561,427,False,0.9260,0.8760
adversarial,200,0.85,0.05,8700012,True,1071,1154,83,False,0.8295,0.7795
adversarial,200,0.85,0.05,8700013,True,1463,770,-693,True,0.7936,0.7436
adversarial,200,0.85,0.05,8700014,True,166,609,443,False,0.9436,0.8936
adversarial,200,0.85,0.05,8700015,True,120,757,637,False,0.9025,0.8525
adversarial,200,0.85,0.05,8700016,True,188,971,783,False,0.9198,0.8698
adversarial,200,0.85,0.05,8700017,True,826,591,-235,True,0.8760,0.8260
adversarial,200,0.85,0.05,8700018,True,1864,952,-912,True,0.7576,0.7076
adversarial,200,0.85,0.05,8700019,True,1803,617,-1186,True,0.7709,0.7209
adversarial,200,0.85,0.05,8700020,True,707,696,-11,True,0.8833,0.8333
adversarial,200,0.85,0.05,8700021,True,237,637,400,False,0.9041,0.8541
adversarial,200,0.85,0.05,8700022,True,142,564,422,False,0.9298,0.8798
adversarial,200,0.85,0.05,8700023,True,815,529,-286,True,0.8439,0.7939
adversarial,200,0.85,0.05,8700024,True,791,776,-15,True,0.8410,0.7910
adversarial,200,0.85,0.05,8700025,False,,862,,True,0.6402,0.5902
adversarial,200,0.85,0.05,8700026,True,280,676,396,False,0.8674,0.8174
adversarial,200,0.85,0.05,8700027,True,146,544,398,False,0.9520,0.9020
adversarial,200,0.85,0.05,8700028,True,1365,1362,-3,True,0.8204,0.7704
adversarial,200,0.85,0.05,8700029,True,117,739,622,False,0.9821,0.9321
adversarial,200,0.85,0.08,8700000,True,880,658,-222,True,0.8971,0.8171
adversarial,200,0.85,0.08,8700001,True,1344,875,-469,True,0.8515,0.7715
adversarial,200,0.85,0.08,8700002,True,1910,1893,-17,True,0.7882,0.7082
adversarial,200,0.85,0.08,8700003,False,,962,,True,0.7458,0.6658
adversarial,200,0.85,0.08,8700004,True,1011,847,-164,True,0.8916,0.8116
adversarial,200,0.85,0.08,8700005,True,920,794,-126,True,0.8588,0.7788
adversarial,200,0.85,0.08,8700006,True,1462,593,-869,True,0.8138,0.7338
adversarial,200,0.85,0.08,8700007,True,1079,891,-188,True,0.8319,0.7519
adversarial,200,0.85,0.08,8700008,True,1196,1161,-35,True,0.8134,0.7334
adversarial,200,0.85,0.08,8700009,True,731,683,-48,True,0.8934,0.8134
adversarial,200,0.85,0.08,8700010,True,1149,735,-414,True,0.8450,0.7650
adversarial,200,0.85,0.08,8700011,True,140,561,421,False,0.9260,0.8460
adversarial,200,0.85,0.08,8700012,True,1141,1154,13,False,0.8295,0.7495
adversarial,200,0.85,0.08,8700013,True,1482,770,-712,True,0.7936,0.7136
adversarial,200,0.85,0.08,8700014,True,188,609,421,False,0.9436,0.8636
adversarial,200,0.85,0.08,8700015,True,755,757,2,False,0.9025,0.8225
adversarial,200,0.85,0.08,8700016,True,373,971,598,False,0.9198,0.8398
adversarial,200,0.85,0.08,8700017,True,874,591,-283,True,0.8760,0.7960
adversarial,200,0.85,0.08,8700018,False,,952,,True,0.7576,0.6776
adversarial,200,0.85,0.08,8700019,False,,617,,True,0.7709,0.6909
adversarial,200,0.85,0.08,8700020,True,710,696,-14,True,0.8833,0.8033
adversarial,200,0.85,0.08,8700021,True,739,637,-102,True,0.9041,0.8241
adversarial,200,0.85,0.08,8700022,True,220,564,344,False,0.9298,0.8498
adversarial,200,0.85,0.08,8700023,True,837,529,-308,True,0.8439,0.7639
adversarial,200,0.85,0.08,8700024,True,1410,776,-634,True,0.8410,0.7610
adversarial,200,0.85,0.08,8700025,False,,862,,True,0.6402,0.5602
adversarial,200,0.85,0.08,8700026,True,1102,676,-426,True,0.8674,0.7874
adversarial,200,0.85,0.08,8700027,True,161,544,383,False,0.9520,0.8720
adversarial,200,0.85,0.08,8700028,True,1425,1362,-63,True,0.8204,0.7404
adversarial,200,0.85,0.08,8700029,True,151,739,588,False,0.9821,0.9021
adversarial,200,0.85,0.1,8700000,True,1199,658,-541,True,0.8971,0.7971
adversarial,200,0.85,0.1,8700001,True,1382,875,-507,True,0.8515,0.7515
adversarial,200,0.85,0.1,8700002,False,,1893,,True,0.7882,0.6882
adversarial,200,0.85,0.1,8700003,False,,962,,True,0.7458,0.6458
adversarial,200,0.85,0.1,8700004,True,1055,847,-208,True,0.8916,0.7916
adversarial,200,0.85,0.1,8700005,True,922,794,-128,True,0.8588,0.7588
adversarial,200,0.85,0.1,8700006,True,1718,593,-1125,True,0.8138,0.7138
adversarial,200,0.85,0.1,8700007,True,1106,891,-215,True,0.8319,0.7319
adversarial,200,0.85,0.1,8700008,True,1489,1161,-328,True,0.8134,0.7134
adversarial,200,0.85,0.1,8700009,True,820,683,-137,True,0.8934,0.7934
adversarial,200,0.85,0.1,8700010,True,1361,735,-626,True,0.8450,0.7450
adversarial,200,0.85,0.1,8700011,True,143,561,418,False,0.9260,0.8260
adversarial,200,0.85,0.1,8700012,True,1159,1154,-5,True,0.8295,0.7295
adversarial,200,0.85,0.1,8700013,False,,770,,True,0.7936,0.6936
adversarial,200,0.85,0.1,8700014,True,197,609,412,False,0.9436,0.8436
adversarial,200,0.85,0.1,8700015,True,952,757,-195,True,0.9025,0.8025
adversarial,200,0.85,0.1,8700016,True,405,971,566,False,0.9198,0.8198
adversarial,200,0.85,0.1,8700017,True,1304,591,-713,True,0.8760,0.7760
adversarial,200,0.85,0.1,8700018,False,,952,,True,0.7576,0.6576
adversarial,200,0.85,0.1,8700019,False,,617,,True,0.7709,0.6709
adversarial,200,0.85,0.1,8700020,True,712,696,-16,True,0.8833,0.7833
adversarial,200,0.85,0.1,8700021,True,747,637,-110,True,0.9041,0.8041
adversarial,200,0.85,0.1,8700022,True,244,564,320,False,0.9298,0.8298
adversarial,200,0.85,0.1,8700023,True,1206,529,-677,True,0.8439,0.7439
adversarial,200,0.85,0.1,8700024,True,1424,776,-648,True,0.8410,0.7410
adversarial,200,0.85,0.1,8700025,False,,862,,True,0.6402,0.5402
adversarial,200,0.85,0.1,8700026,True,1116,676,-440,True,0.8674,0.7674
adversarial,200,0.85,0.1,8700027,True,636,544,-92,True,0.9520,0.8520
adversarial,200,0.85,0.1,8700028,True,1992,1362,-630,True,0.8204,0.7204
adversarial,200,0.85,0.1,8700029,True,180,739,559,False,0.9821,0.8821
silent_quality,50,0.6,0.02,6050000,True,221,150,-71,True,0.6016,0.5816
silent_quality,50,0.6,0.02,6050001,False,,148,,True,0.4629,0.4429
silent_quality,50,0.6,0.02,6050002,True,165,154,-11,True,0.6167,0.5967
silent_quality,50,0.6,0.02,6050003,True,79,453,374,False,0.7276,0.7076
silent_quality,50,0.6,0.02,6050004,True,224,,,,0.6426,0.6226
silent_quality,50,0.6,0.02,6050005,True,82,220,138,False,0.8262,0.8062
silent_quality,50,0.6,0.02,6050006,False,,156,,True,0.5716,0.5516
silent_quality,50,0.6,0.02,6050007,True,478,182,-296,True,0.5735,0.5535
silent_quality,50,0.6,0.02,6050008,True,153,146,-7,True,0.6944,0.6744
silent_quality,50,0.6,0.02,6050009,True,169,,,,0.6788,0.6588
silent_quality,50,0.6,0.02,6050010,True,89,,,,0.7048,0.6848
silent_quality,50,0.6,0.02,6050011,True,143,148,5,False,0.6626,0.6426
silent_quality,50,0.6,0.02,6050012,True,100,172,72,False,0.7021,0.6821
silent_quality,50,0.6,0.02,6050013,True,97,248,151,False,0.7895,0.7695
silent_quality,50,0.6,0.02,6050014,True,195,144,-51,True,0.6080,0.5880
silent_quality,50,0.6,0.02,6050015,True,183,181,-2,True,0.6324,0.6124
silent_quality,50,0.6,0.02,6050016,True,138,148,10,False,0.7559,0.7359
silent_quality,50,0.6,0.02,6050017,True,111,293,182,False,0.6978,0.6778
silent_quality,50,0.6,0.02,6050018,True,82,179,97,False,0.9287,0.9087
silent_quality,50,0.6,0.02,6050019,True,127,230,103,False,0.7225,0.7025
silent_quality,50,0.6,0.02,6050020,False,,238,,True,0.4925,0.4725
silent_quality,50,0.6,0.02,6050021,True,168,175,7,False,0.6662,0.6462
silent_quality,50,0.6,0.02,6050022,True,286,262,-24,True,0.5535,0.5335
silent_quality,50,0.6,0.02,6050023,True,170,228,58,False,0.6161,0.5961
silent_quality,50,0.6,0.02,6050024,True,479,185,-294,True,0.5692,0.5492
silent_quality,50,0.6,0.02,6050025,True,170,172,2,False,0.6961,0.6761
silent_quality,50,0.6,0.02,6050026,True,190,160,-30,True,0.6669,0.6469
silent_quality,50,0.6,0.02,6050027,True,111,229,118,False,0.7543,0.7343
silent_quality,50,0.6,0.02,6050028,True,76,,,,0.8135,0.7935
silent_quality,50,0.6,0.02,6050029,True,89,281,192,False,0.6932,0.6732
silent_quality,50,0.6,0.03,6050000,True,227,150,-77,True,0.6016,0.5716
silent_quality,50,0.6,0.03,6050001,False,,148,,True,0.4629,0.4329
silent_quality,50,0.6,0.03,6050002,True,167,154,-13,True,0.6167,0.5867
silent_quality,50,0.6,0.03,6050003,True,80,453,373,False,0.7276,0.6976
silent_quality,50,0.6,0.03,6050004,True,237,,,,0.6426,0.6126
silent_quality,50,0.6,0.03,6050005,True,83,220,137,False,0.8262,0.7962
silent_quality,50,0.6,0.03,6050006,False,,156,,True,0.5716,0.5416
silent_quality,50,0.6,0.03,6050007,False,,182,,True,0.5735,0.5435
silent_quality,50,0.6,0.03,6050008,True,154,146,-8,True,0.6944,0.6644
silent_quality,50,0.6,0.03,6050009,True,173,,,,0.6788,0.6488
silent_quality,50,0.6,0.03,6050010,True,93,,,,0.7048,0.6748
silent_quality,50,0.6,0.03,6050011,True,148,148,0,True,0.6626,0.6326
silent_quality,50,0.6,0.03,6050012,True,104,172,68,False,0.7021,0.6721
silent_quality,50,0.6,0.03,6050013,True,99,248,149,False,0.7895,0.7595
silent_quality,50,0.6,0.03,6050014,True,199,144,-55,True,0.6080,0.5780
silent_quality,50,0.6,0.03,6050015,True,388,181,-207,True,0.6324,0.6024
silent_quality,50,0.6,0.03,6050016,True,142,148,6,False,0.7559,0.7259
silent_quality,50,0.6,0.03,6050017,True,140,293,153,False,0.6978,0.6678
silent_quality,50,0.6,0.03,6050018,True,84,179,95,False,0.9287,0.8987
silent_quality,50,0.6,0.03,6050019,True,129,230,101,False,0.7225,0.6925
silent_quality,50,0.6,0.03,6050020,False,,238,,True,0.4925,0.4625
silent_quality,50,0.6,0.03,6050021,True,171,175,4,False,0.6662,0.6362
silent_quality,50,0.6,0.03,6050022,True,288,262,-26,True,0.5535,0.5235
silent_quality,50,0.6,0.03,6050023,True,215,228,13,False,0.6161,0.5861
silent_quality,50,0.6,0.03,6050024,True,481,185,-296,True,0.5692,0.5392
silent_quality,50,0.6,0.03,6050025,True,172,172,0,True,0.6961,0.6661
silent_quality,50,0.6,0.03,6050026,True,192,160,-32,True,0.6669,0.6369
silent_quality,50,0.6,0.03,6050027,True,120,229,109,False,0.7543,0.7243
silent_quality,50,0.6,0.03,6050028,True,76,,,,0.8135,0.7835
silent_quality,50,0.6,0.03,6050029,True,90,281,191,False,0.6932,0.6632
silent_quality,50,0.6,0.05,6050000,True,242,150,-92,True,0.6016,0.5516
silent_quality,50,0.6,0.05,6050001,False,,148,,True,0.4629,0.4129
silent_quality,50,0.6,0.05,6050002,False,,154,,True,0.6167,0.5667
silent_quality,50,0.6,0.05,6050003,True,82,453,371,False,0.7276,0.6776
silent_quality,50,0.6,0.05,6050004,True,300,,,,0.6426,0.5926
silent_quality,50,0.6,0.05,6050005,True,89,220,131,False,0.8262,0.7762
silent_quality,50,0.6,0.05,6050006,False,,156,,True,0.5716,0.5216
silent_quality,50,0.6,0.05,6050007,False,,182,,True,0.5735,0.5235
silent_quality,50,0.6,0.05,6050008,True,157,146,-11,True,0.6944,0.6444
silent_quality,50,0.6,0.05,6050009,True,278,,,,0.6788,0.6288
silent_quality,50,0.6,0.05,6050010,True,109,,,,0.7048,0.6548
silent_quality,50,0.6,0.05,6050011,True,155,148,-7,True,0.6626,0.6126
silent_quality,50,0.6,0.05,6050012,True,151,172,21,False,0.7021,0.6521
silent_quality,50,0.6,0.05,6050013,True,104,248,144,False,0.7895,0.7395
silent_quality,50,0.6,0.05,6050014,True,210,144,-66,True,0.6080,0.5580
silent_quality,50,0.6,0.05,6050015,True,414,181,-233,True,0.6324,0.5824
silent_quality,50,0.6,0.05,6050016,True,157,148,-9,True,0.7559,0.7059
silent_quality,50,0.6,0.05,6050017,True,177,293,116,False,0.6978,0.6478
silent_quality,50,0.6,0.05,6050018,True,92,179,87,False,0.9287,0.8787
silent_quality,50,0.6,0.05,6050019,True,132,230,98,False,0.7225,0.6725
silent_quality,50,0.6,0.05,6050020,False,,238,,True,0.4925,0.4425
silent_quality,50,0.6,0.05,6050021,True,186,175,-11,True,0.6662,0.6162
silent_quality,50,0.6,0.05,6050022,True,295,262,-33,True,0.5535,0.5035
silent_quality,50,0.6,0.05,6050023,True,227,228,1,False,0.6161,0.5661
silent_quality,50,0.6,0.05,6050024,True,486,185,-301,True,0.5692,0.5192
silent_quality,50,0.6,0.05,6050025,True,174,172,-2,True,0.6961,0.6461
silent_quality,50,0.6,0.05,6050026,True,196,160,-36,True,0.6669,0.6169
silent_quality,50,0.6,0.05,6050027,True,139,229,90,False,0.7543,0.7043
silent_quality,50,0.6,0.05,6050028,True,78,,,,0.8135,0.7635
silent_quality,50,0.6,0.05,6050029,True,93,281,188,False,0.6932,0.6432
silent_quality,50,0.6,0.08,6050000,True,268,150,-118,True,0.6016,0.5216
silent_quality,50,0.6,0.08,6050001,False,,148,,True,0.4629,0.3829
silent_quality,50,0.6,0.08,6050002,False,,154,,True,0.6167,0.5367
silent_quality,50,0.6,0.08,6050003,True,194,453,259,False,0.7276,0.6476
silent_quality,50,0.6,0.08,6050004,False,,,,,0.6426,0.5626
silent_quality,50,0.6,0.08,6050005,True,99,220,121,False,0.8262,0.7462
silent_quality,50,0.6,0.08,6050006,False,,156,,True,0.5716,0.4916
silent_quality,50,0.6,0.08,6050007,False,,182,,True,0.5735,0.4935
silent_quality,50,0.6,0.08,6050008,True,164,146,-18,True,0.6944,0.6144
silent_quality,50,0.6,0.08,6050009,True,403,,,,0.6788,0.5988
silent_quality,50,0.6,0.08,6050010,True,165,,,,0.7048,0.6248
silent_quality,50,0.6,0.08,6050011,True,191,148,-43,True,0.6626,0.5826
silent_quality,50,0.6,0.08,6050012,True,173,172,-1,True,0.7021,0.6221
silent_quality,50,0.6,0.08,6050013,True,127,248,121,False,0.7895,0.7095
silent_quality,50,0.6,0.08,6050014,False,,144,,True,0.6080,0.5280
silent_quality,50,0.6,0.08,6050015,True,470,181,-289,True,0.6324,0.5524
silent_quality,50,0.6,0.08,6050016,True,188,148,-40,True,0.7559,0.6759
silent_quality,50,0.6,0.08,6050017,True,303,293,-10,True,0.6978,0.6178
silent_quality,50,0.6,0.08,6050018,True,99,179,80,False,0.9287,0.8487
silent_quality,50,0.6,0.08,6050019,True,139,230,91,False,0.7225,0.6425
silent_quality,50,0.6,0.08,6050020,False,,238,,True,0.4925,0.4125
silent_quality,50,0.6,0.08,6050021,True,192,175,-17,True,0.6662,0.5862
silent_quality,50,0.6,0.08,6050022,False,,262,,True,0.5535,0.4735
silent_quality,50,0.6,0.08,6050023,True,265,228,-37,True,0.6161,0.5361
silent_quality,50,0.6,0.08,6050024,False,,185,,True,0.5692,0.4892
silent_quality,50,0.6,0.08,6050025,True,179,172,-7,True,0.6961,0.6161
silent_quality,50,0.6,0.08,6050026,True,225,160,-65,True,0.6669,0.5869
silent_quality,50,0.6,0.08,6050027,True,147,229,82,False,0.7543,0.6743
silent_quality,50,0.6,0.08,6050028,True,83,,,,0.8135,0.7335
silent_quality,50,0.6,0.08,6050029,True,102,281,179,False,0.6932,0.6132
silent_quality,50,0.6,0.1,6050000,False,,150,,True,0.6016,0.5016
silent_quality,50,0.6,0.1,6050001,False,,148,,True,0.4629,0.3629
silent_quality,50,0.6,0.1,6050002,False,,154,,True,0.6167,0.5167
silent_quality,50,0.6,0.1,6050003,True,264,453,189,False,0.7276,0.6276
silent_quality,50,0.6,0.1,6050004,False,,,,,0.6426,0.5426
silent_quality,50,0.6,0.1,6050005,True,115,220,105,False,0.8262,0.7262
silent_quality,50,0.6,0.1,6050006,False,,156,,True,0.5716,0.4716
silent_quality,50,0.6,0.1,6050007,False,,182,,True,0.5735,0.4735
silent_quality,50,0.6,0.1,6050008,True,201,146,-55,True,0.6944,0.5944
silent_quality,50,0.6,0.1,6050009,False,,,,,0.6788,0.5788
silent_quality,50,0.6,0.1,6050010,True,278,,,,0.7048,0.6048
silent_quality,50,0.6,0.1,6050011,True,211,148,-63,True,0.6626,0.5626
silent_quality,50,0.6,0.1,6050012,True,267,172,-95,True,0.7021,0.6021
silent_quality,50,0.6,0.1,6050013,True,140,248,108,False,0.7895,0.6895
silent_quality,50,0.6,0.1,6050014,False,,144,,True,0.6080,0.5080
silent_quality,50,0.6,0.1,6050015,False,,181,,True,0.6324,0.5324
silent_quality,50,0.6,0.1,6050016,True,214,148,-66,True,0.7559,0.6559
silent_quality,50,0.6,0.1,6050017,True,309,293,-16,True,0.6978,0.5978
silent_quality,50,0.6,0.1,6050018,True,105,179,74,False,0.9287,0.8287
silent_quality,50,0.6,0.1,6050019,True,145,230,85,False,0.7225,0.6225
silent_quality,50,0.6,0.1,6050020,False,,238,,True,0.4925,0.3925
silent_quality,50,0.6,0.1,6050021,True,196,175,-21,True,0.6662,0.5662
silent_quality,50,0.6,0.1,6050022,False,,262,,True,0.5535,0.4535
silent_quality,50,0.6,0.1,6050023,False,,228,,True,0.6161,0.5161
silent_quality,50,0.6,0.1,6050024,False,,185,,True,0.5692,0.4692
silent_quality,50,0.6,0.1,6050025,True,182,172,-10,True,0.6961,0.5961
silent_quality,50,0.6,0.1,6050026,True,320,160,-160,True,0.6669,0.5669
silent_quality,50,0.6,0.1,6050027,True,178,229,51,False,0.7543,0.6543
silent_quality,50,0.6,0.1,6050028,True,85,,,,0.8135,0.7135
silent_quality,50,0.6,0.1,6050029,True,414,281,-133,True,0.6932,0.5932
silent_quality,50,0.75,0.02,7550000,True,75,268,193,False,0.8446,0.8246
silent_quality,50,0.75,0.02,7550001,True,217,256,39,False,0.7402,0.7202
silent_quality,50,0.75,0.02,7550002,False,,144,,True,0.5842,0.5642
silent_quality,50,0.75,0.02,7550003,True,119,225,106,False,0.8629,0.8429
silent_quality,50,0.75,0.02,7550004,True,104,,,,0.8535,0.8335
silent_quality,50,0.75,0.02,7550005,True,146,158,12,False,0.8717,0.8517
silent_quality,50,0.75,0.02,7550006,False,,,,,0.7198,0.6998
silent_quality,50,0.75,0.02,7550007,True,135,,,,0.7568,0.7368
silent_quality,50,0.75,0.02,7550008,True,170,183,13,False,0.7919,0.7719
silent_quality,50,0.75,0.02,7550009,True,292,144,-148,True,0.6960,0.6760
silent_quality,50,0.75,0.02,7550010,True,119,381,262,False,0.8224,0.8024
silent_quality,50,0.75,0.02,7550011,True,144,144,0,True,0.7995,0.7795
silent_quality,50,0.75,0.02,7550012,True,396,144,-252,True,0.6962,0.6762
silent_quality,50,0.75,0.02,7550013,False,,,,,0.6162,0.5962
silent_quality,50,0.75,0.02,7550014,True,134,144,10,False,0.8504,0.8304
silent_quality,50,0.75,0.02,7550015,False,,153,,True,0.6690,0.6490
silent_quality,50,0.75,0.02,7550016,True,139,146,7,False,0.8415,0.8215
silent_quality,50,0.75,0.02,7550017,True,129,181,52,False,0.8909,0.8709
silent_quality,50,0.75,0.02,7550018,True,351,190,-161,True,0.6972,0.6772
silent_quality,50,0.75,0.02,7550019,True,422,376,-46,True,0.7282,0.7082
silent_quality,50,0.75,0.02,7550020,False,,156,,True,0.6333,0.6133
silent_quality,50,0.75,0.02,7550021,True,104,145,41,False,0.9114,0.8914
silent_quality,50,0.75,0.02,7550022,True,245,144,-101,True,0.7377,0.7177
silent_quality,50,0.75,0.02,7550023,True,204,204,0,True,0.8218,0.8018
silent_quality,50,0.75,0.02,7550024,True,116,463,347,False,0.8561,0.8361
silent_quality,50,0.75,0.02,7550025,False,,,,,0.6085,0.5885
silent_quality,50,0.75,0.02,7550026,True,87,180,93,False,0.9014,0.8814
silent_quality,50,0.75,0.02,7550027,True,142,183,41,False,0.8357,0.8157
silent_quality,50,0.75,0.02,7550028,False,,,,,0.5698,0.5498
silent_quality,50,0.75,0.02,7550029,False,,,,,0.6911,0.6711
silent_quality,50,0.75,0.03,7550000,True,75,268,193,False,0.8446,0.8146
silent_quality,50,0.75,0.03,7550001,True,234,256,22,False,0.7402,0.7102
silent_quality,50,0.75,0.03,7550002,False,,144,,True,0.5842,0.5542
silent_quality,50,0.75,0.03,7550003,True,148,225,77,False,0.8629,0.8329
silent_quality,50,0.75,0.03,7550004,True,107,,,,0.8535,0.8235
silent_quality,50,0.75,0.03,7550005,True,152,158,6,False,0.8717,0.8417
silent_quality,50,0.75,0.03,7550006,False,,,,,0.7198,0.6898
silent_quality,50,0.75,0.03,7550007,True,140,,,,0.7568,0.7268
silent_quality,50,0.75,0.03,7550008,True,173,183,10,False,0.7919,0.7619
silent_quality,50,0.75,0.03,7550009,True,296,144,-152,True,0.6960,0.6660
silent_quality,50,0.75,0.03,7550010,True,122,381,259,False,0.8224,0.7924
silent_quality,50,0.75,0.03,7550011,True,145,144,-1,True,0.7995,0.7695
silent_quality,50,0.75,0.03,7550012,True,397,144,-253,True,0.6962,0.6662
silent_quality,50,0.75,0.03,7550013,False,,,,,0.6162,0.5862
silent_quality,50,0.75,0.03,7550014,True,137,144,7,False,0.8504,0.8204
silent_quality,50,0.75,0.03,7550015,False,,153,,True,0.6690,0.6390
silent_quality,50,0.75,0.03,7550016,True,142,146,4,False,0.8415,0.8115
silent_quality,50,0.75,0.03,7550017,True,132,181,49,False,0.8909,0.8609
silent_quality,50,0.75,0.03,7550018,True,359,190,-169,True,0.6972,0.6672
silent_quality,50,0.75,0.03,7550019,True,429,376,-53,True,0.7282,0.6982
silent_quality,50,0.75,0.03,7550020,False,,156,,True,0.6333,0.6033
silent_quality,50,0.75,0.03,7550021,True,107,145,38,False,0.9114,0.8814
silent_quality,50,0.75,0.03,7550022,True,304,144,-160,True,0.7377,0.7077
silent_quality,50,0.75,0.03,7550023,True,205,204,-1,True,0.8218,0.7918
silent_quality,50,0.75,0.03,7550024,True,126,463,337,False,0.8561,0.8261
silent_quality,50,0.75,0.03,7550025,False,,,,,0.6085,0.5785
silent_quality,50,0.75,0.03,7550026,True,89,180,91,False,0.9014,0.8714
silent_quality,50,0.75,0.03,7550027,True,166,183,17,False,0.8357,0.8057
silent_quality,50,0.75,0.03,7550028,False,,,,,0.5698,0.5398
silent_quality,50,0.75,0.03,7550029,False,,,,,0.6911,0.6611
silent_quality,50,0.75,0.05,7550000,True,76,268,192,False,0.8446,0.7946
silent_quality,50,0.75,0.05,7550001,True,249,256,7,False,0.7402,0.6902
silent_quality,50,0.75,0.05,7550002,False,,144,,True,0.5842,0.5342
silent_quality,50,0.75,0.05,7550003,True,167,225,58,False,0.8629,0.8129
silent_quality,50,0.75,0.05,7550004,True,112,,,,0.8535,0.8035
silent_quality,50,0.75,0.05,7550005,True,159,158,-1,True,0.8717,0.8217
silent_quality,50,0.75,0.05,7550006,False,,,,,0.7198,0.6698
silent_quality,50,0.75,0.05,7550007,True,149,,,,0.7568,0.7068
silent_quality,50,0.75,0.05,7550008,True,182,183,1,False,0.7919,0.7419
silent_quality,50,0.75,0.05,7550009,False,,144,,True,0.6960,0.6460
silent_quality,50,0.75,0.05,7550010,True,142,381,239,False,0.8224,0.7724
silent_quality,50,0.75,0.05,7550011,True,149,144,-5,True,0.7995,0.7495
silent_quality,50,0.75,0.05,7550012,True,398,144,-254,True,0.6962,0.6462
silent_quality,50,0.75,0.05,7550013,False,,,,,0.6162,0.5662
silent_quality,50,0.75,0.05,7550014,True,156,144,-12,True,0.8504,0.8004
silent_quality,50,0.75,0.05,7550015,False,,153,,True,0.6690,0.6190
silent_quality,50,0.75,0.05,7550016,True,152,146,-6,True,0.8415,0.7915
silent_quality,50,0.75,0.05,7550017,True,142,181,39,False,0.8909,0.8409
silent_quality,50,0.75,0.05,7550018,False,,190,,True,0.6972,0.6472
silent_quality,50,0.75,0.05,7550019,True,475,376,-99,True,0.7282,0.6782
silent_quality,50,0.75,0.05,7550020,False,,156,,True,0.6333,0.5833
silent_quality,50,0.75,0.05,7550021,True,115,145,30,False,0.9114,0.8614
silent_quality,50,0.75,0.05,7550022,True,335,144,-191,True,0.7377,0.6877
silent_quality,50,0.75,0.05,7550023,True,207,204,-3,True,0.8218,0.7718
silent_quality,50,0.75,0.05,7550024,True,140,463,323,False,0.8561,0.8061
silent_quality,50,0.75,0.05,7550025,False,,,,,0.6085,0.5585
silent_quality,50,0.75,0.05,7550026,True,93,180,87,False,0.9014,0.8514
silent_quality,50,0.75,0.05,7550027,True,172,183,11,False,0.8357,0.7857
silent_quality,50,0.75,0.05,7550028,False,,,,,0.5698,0.5198
silent_quality,50,0.75,0.05,7550029,False,,,,,0.6911,0.6411
silent_quality,50,0.75,0.08,7550000,True,79,268,189,False,0.8446,0.7646
silent_quality,50,0.75,0.08,7550001,True,383,256,-127,True,0.7402,0.6602
silent_quality,50,0.75,0.08,7550002,False,,144,,True,0.5842,0.5042
silent_quality,50,0.75,0.08,7550003,True,207,225,18,False,0.8629,0.7829
silent_quality,50,0.75,0.08,7550004,True,118,,,,0.8535,0.7735
silent_quality,50,0.75,0.08,7550005,True,178,158,-20,True,0.8717,0.7917
silent_quality,50,0.75,0.08,7550006,False,,,,,0.7198,0.6398
silent_quality,50,0.75,0.08,7550007,True,161,,,,0.7568,0.6768
silent_quality,50,0.75,0.08,7550008,True,192,183,-9,True,0.7919,0.7119
silent_quality,50,0.75,0.08,7550009,False,,144,,True,0.6960,0.6160
silent_quality,50,0.75,0.08,7550010,True,291,381,90,False,0.8224,0.7424
silent_quality,50,0.75,0.08,7550011,True,190,144,-46,True,0.7995,0.7195
silent_quality,50,0.75,0.08,7550012,True,401,144,-257,True,0.6962,0.6162
silent_quality,50,0.75,0.08,7550013,False,,,,,0.6162,0.5362
silent_quality,50,0.75,0.08,7550014,True,169,144,-25,True,0.8504,0.7704
silent_quality,50,0.75,0.08,7550015,False,,153,,True,0.6690,0.5890
silent_quality,50,0.75,0.08,7550016,True,231,146,-85,True,0.8415,0.7615
silent_quality,50,0.75,0.08,7550017,True,177,181,4,False,0.8909,0.8109
silent_quality,50,0.75,0.08,7550018,False,,190,,True,0.6972,0.6172
silent_quality,50,0.75,0.08,7550019,False,,376,,True,0.7282,0.6482
silent_quality,50,0.75,0.08,7550020,False,,156,,True,0.6333,0.5533
silent_quality,50,0.75,0.08,7550021,True,128,145,17,False,0.9114,0.8314
silent_quality,50,0.75,0.08,7550022,False,,144,,True,0.7377,0.6577
silent_quality,50,0.75,0.08,7550023,True,210,204,-6,True,0.8218,0.7418
silent_quality,50,0.75,0.08,7550024,True,212,463,251,False,0.8561,0.7761
silent_quality,50,0.75,0.08,7550025,False,,,,,0.6085,0.5285
silent_quality,50,0.75,0.08,7550026,True,99,180,81,False,0.9014,0.8214
silent_quality,50,0.75,0.08,7550027,True,177,183,6,False,0.8357,0.7557
silent_quality,50,0.75,0.08,7550028,False,,,,,0.5698,0.4898
silent_quality,50,0.75,0.08,7550029,False,,,,,0.6911,0.6111
silent_quality,50,0.75,0.1,7550000,True,81,268,187,False,0.8446,0.7446
silent_quality,50,0.75,0.1,7550001,False,,256,,True,0.7402,0.6402
silent_quality,50,0.75,0.1,7550002,False,,144,,True,0.5842,0.4842
silent_quality,50,0.75,0.1,7550003,True,216,225,9,False,0.8629,0.7629
silent_quality,50,0.75,0.1,7550004,True,125,,,,0.8535,0.7535
silent_quality,50,0.75,0.1,7550005,True,183,158,-25,True,0.8717,0.7717
silent_quality,50,0.75,0.1,7550006,False,,,,,0.7198,0.6198
silent_quality,50,0.75,0.1,7550007,True,177,,,,0.7568,0.6568
silent_quality,50,0.75,0.1,7550008,True,220,183,-37,True,0.7919,0.6919
silent_quality,50,0.75,0.1,7550009,False,,144,,True,0.6960,0.5960
silent_quality,50,0.75,0.1,7550010,True,304,381,77,False,0.8224,0.7224
silent_quality,50,0.75,0.1,7550011,True,337,144,-193,True,0.7995,0.6995
silent_quality,50,0.75,0.1,7550012,True,404,144,-260,True,0.6962,0.5962
silent_quality,50,0.75,0.1,7550013,False,,,,,0.6162,0.5162
silent_quality,50,0.75,0.1,7550014,True,172,144,-28,True,0.8504,0.7504
silent_quality,50,0.75,0.1,7550015,False,,153,,True,0.6690,0.5690
silent_quality,50,0.75,0.1,7550016,True,255,146,-109,True,0.8415,0.7415
silent_quality,50,0.75,0.1,7550017,True,202,181,-21,True,0.8909,0.7909
silent_quality,50,0.75,0.1,7550018,False,,190,,True,0.6972,0.5972
silent_quality,50,0.75,0.1,7550019,False,,376,,True,0.7282,0.6282
silent_quality,50,0.75,0.1,7550020,False,,156,,True,0.6333,0.5333
silent_quality,50,0.75,0.1,7550021,True,132,145,13,False,0.9114,0.8114
silent_quality,50,0.75,0.1,7550022,False,,144,,True,0.7377,0.6377
silent_quality,50,0.75,0.1,7550023,True,216,204,-12,True,0.8218,0.7218
silent_quality,50,0.75,0.1,7550024,True,341,463,122,False,0.8561,0.7561
silent_quality,50,0.75,0.1,7550025,False,,,,,0.6085,0.5085
silent_quality,50,0.75,0.1,7550026,True,104,180,76,False,0.9014,0.8014
silent_quality,50,0.75,0.1,7550027,True,181,183,2,False,0.8357,0.7357
silent_quality,50,0.75,0.1,7550028,False,,,,,0.5698,0.4698
silent_quality,50,0.75,0.1,7550029,False,,,,,0.6911,0.5911
silent_quality,50,0.85,0.02,8550000,True,157,144,-13,True,0.9091,0.8891
silent_quality,50,0.85,0.02,8550001,True,107,183,76,False,0.8902,0.8702
silent_quality,50,0.85,0.02,8550002,True,153,148,-5,True,0.8405,0.8205
silent_quality,50,0.85,0.02,8550003,True,211,,,,0.8222,0.8022
silent_quality,50,0.85,0.02,8550004,True,269,277,8,False,0.8161,0.7961
silent_quality,50,0.85,0.02,8550005,True,85,,,,0.9568,0.9368
silent_quality,50,0.85,0.02,8550006,True,357,273,-84,True,0.8032,0.7832
silent_quality,50,0.85,0.02,8550007,True,199,214,15,False,0.8792,0.8592
silent_quality,50,0.85,0.02,8550008,True,99,361,262,False,0.9224,0.9024
silent_quality,50,0.85,0.02,8550009,True,291,199,-92,True,0.7873,0.7673
silent_quality,50,0.85,0.02,8550010,True,201,188,-13,True,0.8022,0.7822
silent_quality,50,0.85,0.02,8550011,True,167,150,-17,True,0.8610,0.8410
silent_quality,50,0.85,0.02,8550012,False,,163,,True,0.7048,0.6848
silent_quality,50,0.85,0.02,8550013,True,101,154,53,False,0.9447,0.9247
silent_quality,50,0.85,0.02,8550014,True,164,161,-3,True,0.8478,0.8278
silent_quality,50,0.85,0.02,8550015,True,168,180,12,False,0.8855,0.8655
silent_quality,50,0.85,0.02,8550016,False,,227,,True,0.7298,0.7098
silent_quality,50,0.85,0.02,8550017,True,127,450,323,False,0.8507,0.8307
silent_quality,50,0.85,0.02,8550018,True,184,174,-10,True,0.7293,0.7093
silent_quality,50,0.85,0.02,8550019,True,429,416,-13,True,0.7840,0.7640
silent_quality,50,0.85,0.02,8550020,True,249,,,,0.8473,0.8273
silent_quality,50,0.85,0.02,8550021,False,,408,,True,0.8342,0.8142
silent_quality,50,0.85,0.02,8550022,True,185,153,-32,True,0.8709,0.8509
silent_quality,50,0.85,0.02,8550023,False,,156,,True,0.7569,0.7369
silent_quality,50,0.85,0.02,8550024,True,146,277,131,False,0.9032,0.8832
silent_quality,50,0.85,0.02,8550025,True,173,185,12,False,0.8044,0.7844
silent_quality,50,0.85,0.02,8550026,True,411,154,-257,True,0.7958,0.7758
silent_quality,50,0.85,0.02,8550027,True,433,,,,0.7677,0.7477
silent_quality,50,0.85,0.02,8550028,True,151,221,70,False,0.9443,0.9243
silent_quality,50,0.85,0.02,8550029,True,125,154,29,False,0.9433,0.9233
silent_quality,50,0.85,0.03,8550000,True,159,144,-15,True,0.9091,0.8791
silent_quality,50,0.85,0.03,8550001,True,112,183,71,False,0.8902,0.8602
silent_quality,50,0.85,0.03,8550002,True,154,148,-6,True,0.8405,0.8105
silent_quality,50,0.85,0.03,8550003,True,237,,,,0.8222,0.7922
silent_quality,50,0.85,0.03,8550004,True,272,277,5,False,0.8161,0.7861
silent_quality,50,0.85,0.03,8550005,True,87,,,,0.9568,0.9268
silent_quality,50,0.85,0.03,8550006,False,,273,,True,0.8032,0.7732
silent_quality,50,0.85,0.03,8550007,True,206,214,8,False,0.8792,0.8492
silent_quality,50,0.85,0.03,8550008,True,101,361,260,False,0.9224,0.8924
silent_quality,50,0.85,0.03,8550009,True,309,199,-110,True,0.7873,0.7573
silent_quality,50,0.85,0.03,8550010,True,202,188,-14,True,0.8022,0.7722
silent_quality,50,0.85,0.03,8550011,True,169,150,-19,True,0.8610,0.8310
silent_quality,50,0.85,0.03,8550012,False,,163,,True,0.7048,0.6748
silent_quality,50,0.85,0.03,8550013,True,107,154,47,False,0.9447,0.9147
silent_quality,50,0.85,0.03,8550014,True,178,161,-17,True,0.8478,0.8178
silent_quality,50,0.85,0.03,8550015,True,175,180,5,False,0.8855,0.8555
silent_quality,50,0.85,0.03,8550016,False,,227,,True,0.7298,0.6998
silent_quality,50,0.85,0.03,8550017,True,132,450,318,False,0.8507,0.8207
silent_quality,50,0.85,0.03,8550018,False,,174,,True,0.7293,0.6993
silent_quality,50,0.85,0.03,8550019,True,432,416,-16,True,0.7840,0.7540
silent_quality,50,0.85,0.03,8550020,True,281,,,,0.8473,0.8173
silent_quality,50,0.85,0.03,8550021,False,,408,,True,0.8342,0.8042
silent_quality,50,0.85,0.03,8550022,True,187,153,-34,True,0.8709,0.8409
silent_quality,50,0.85,0.03,8550023,False,,156,,True,0.7569,0.7269
silent_quality,50,0.85,0.03,8550024,True,149,277,128,False,0.9032,0.8732
silent_quality,50,0.85,0.03,8550025,True,179,185,6,False,0.8044,0.7744
silent_quality,50,0.85,0.03,8550026,True,456,154,-302,True,0.7958,0.7658
silent_quality,50,0.85,0.03,8550027,True,444,,,,0.7677,0.7377
silent_quality,50,0.85,0.03,8550028,True,156,221,65,False,0.9443,0.9143
silent_quality,50,0.85,0.03,8550029,True,130,154,24,False,0.9433,0.9133
silent_quality,50,0.85,0.05,8550000,True,162,144,-18,True,0.9091,0.8591
silent_quality,50,0.85,0.05,8550001,True,172,183,11,False,0.8902,0.8402
silent_quality,50,0.85,0.05,8550002,True,156,148,-8,True,0.8405,0.7905
silent_quality,50,0.85,0.05,8550003,False,,,,,0.8222,0.7722
silent_quality,50,0.85,0.05,8550004,False,,277,,True,0.8161,0.7661
silent_quality,50,0.85,0.05,8550005,True,95,,,,0.9568,0.9068
silent_quality,50,0.85,0.05,8550006,False,,273,,True,0.8032,0.7532
silent_quality,50,0.85,0.05,8550007,True,217,214,-3,True,0.8792,0.8292
silent_quality,50,0.85,0.05,8550008,True,116,361,245,False,0.9224,0.8724
silent_quality,50,0.85,0.05,8550009,True,324,199,-125,True,0.7873,0.7373
silent_quality,50,0.85,0.05,8550010,True,207,188,-19,True,0.8022,0.7522
silent_quality,50,0.85,0.05,8550011,True,174,150,-24,True,0.8610,0.8110
silent_quality,50,0.85,0.05,8550012,False,,163,,True,0.7048,0.6548
silent_quality,50,0.85,0.05,8550013,True,143,154,11,False,0.9447,0.8947
silent_quality,50,0.85,0.05,8550014,True,193,161,-32,True,0.8478,0.7978
silent_quality,50,0.85,0.05,8550015,True,186,180,-6,True,0.8855,0.8355
silent_quality,50,0.85,0.05,8550016,False,,227,,True,0.7298,0.6798
silent_quality,50,0.85,0.05,8550017,True,363,450,87,False,0.8507,0.8007
silent_quality,50,0.85,0.05,8550018,False,,174,,True,0.7293,0.6793
silent_quality,50,0.85,0.05,8550019,True,440,416,-24,True,0.7840,0.7340
silent_quality,50,0.85,0.05,8550020,True,291,,,,0.8473,0.7973
silent_quality,50,0.85,0.05,8550021,False,,408,,True,0.8342,0.7842
silent_quality,50,0.85,0.05,8550022,True,201,153,-48,True,0.8709,0.8209
silent_quality,50,0.85,0.05,8550023,False,,156,,True,0.7569,0.7069
silent_quality,50,0.85,0.05,8550024,True,158,277,119,False,0.9032,0.8532
silent_quality,50,0.85,0.05,8550025,True,188,185,-3,True,0.8044,0.7544
silent_quality,50,0.85,0.05,8550026,False,,154,,True,0.7958,0.7458
silent_quality,50,0.85,0.05,8550027,False,,,,,0.7677,0.7177
silent_quality,50,0.85,0.05,8550028,True,203,221,18,False,0.9443,0.8943
silent_quality,50,0.85,0.05,8550029,True,137,154,17,False,0.9433,0.8933
silent_quality,50,0.85,0.08,8550000,True,177,144,-33,True,0.9091,0.8291
silent_quality,50,0.85,0.08,8550001,True,209,183,-26,True,0.8902,0.8102
silent_quality,50,0.85,0.08,8550002,True,161,148,-13,True,0.8405,0.7605
silent_quality,50,0.85,0.08,8550003,False,,,,,0.8222,0.7422
silent_quality,50,0.85,0.08,8550004,False,,277,,True,0.8161,0.7361
silent_quality,50,0.85,0.08,8550005,True,102,,,,0.9568,0.8768
silent_quality,50,0.85,0.08,8550006,False,,273,,True,0.8032,0.7232
silent_quality,50,0.85,0.08,8550007,True,255,214,-41,True,0.8792,0.7992
silent_quality,50,0.85,0.08,8550008,True,132,361,229,False,0.9224,0.8424
silent_quality,50,0.85,0.08,8550009,True,332,199,-133,True,0.7873,0.7073
silent_quality,50,0.85,0.08,8550010,False,,188,,True,0.8022,0.7222
silent_quality,50,0.85,0.08,8550011,True,180,150,-30,True,0.8610,0.7810
silent_quality,50,0.85,0.08,8550012,False,,163,,True,0.7048,0.6248
silent_quality,50,0.85,0.08,8550013,True,163,154,-9,True,0.9447,0.8647
silent_quality,50,0.85,0.08,8550014,True,317,161,-156,True,0.8478,0.7678
silent_quality,50,0.85,0.08,8550015,True,267,180,-87,True,0.8855,0.8055
silent_quality,50,0.85,0.08,8550016,False,,227,,True,0.7298,0.6498
silent_quality,50,0.85,0.08,8550017,True,441,450,9,False,0.8507,0.7707
silent_quality,50,0.85,0.08,8550018,False,,174,,True,0.7293,0.6493
silent_quality,50,0.85,0.08,8550019,False,,416,,True,0.7840,0.7040
silent_quality,50,0.85,0.08,8550020,False,,,,,0.8473,0.7673
silent_quality,50,0.85,0.08,8550021,False,,408,,True,0.8342,0.7542
silent_quality,50,0.85,0.08,8550022,True,212,153,-59,True,0.8709,0.7909
silent_quality,50,0.85,0.08,8550023,False,,156,,True,0.7569,0.6769
silent_quality,50,0.85,0.08,8550024,True,231,277,46,False,0.9032,0.8232
silent_quality,50,0.85,0.08,8550025,True,443,185,-258,True,0.8044,0.7244
silent_quality,50,0.85,0.08,8550026,False,,154,,True,0.7958,0.7158
silent_quality,50,0.85,0.08,8550027,False,,,,,0.7677,0.6877
silent_quality,50,0.85,0.08,8550028,True,215,221,6,False,0.9443,0.8643
silent_quality,50,0.85,0.08,8550029,True,142,154,12,False,0.9433,0.8633
silent_quality,50,0.85,0.1,8550000,True,217,144,-73,True,0.9091,0.8091
silent_quality,50,0.85,0.1,8550001,True,241,183,-58,True,0.8902,0.7902
silent_quality,50,0.85,0.1,8550002,True,167,148,-19,True,0.8405,0.7405
silent_quality,50,0.85,0.1,8550003,False,,,,,0.8222,0.7222
silent_quality,50,0.85,0.1,8550004,False,,277,,True,0.8161,0.7161
silent_quality,50,0.85,0.1,8550005,True,124,,,,0.9568,0.8568
silent_quality,50,0.85,0.1,8550006,False,,273,,True,0.8032,0.7032
silent_quality,50,0.85,0.1,8550007,True,285,214,-71,True,0.8792,0.7792
silent_quality,50,0.85,0.1,8550008,True,140,361,221,False,0.9224,0.8224
silent_quality,50,0.85,0.1,8550009,True,337,199,-138,True,0.7873,0.6873
silent_quality,50,0.85,0.1,8550010,False,,188,,True,0.8022,0.7022
silent_quality,50,0.85,0.1,8550011,True,227,150,-77,True,0.8610,0.7610
silent_quality,50,0.85,0.1,8550012,False,,163,,True,0.7048,0.6048
silent_quality,50,0.85,0.1,8550013,True,233,154,-79,True,0.9447,0.8447
silent_quality,50,0.85,0.1,8550014,False,,161,,True,0.8478,0.7478
silent_quality,50,0.85,0.1,8550015,True,293,180,-113,True,0.8855,0.7855
silent_quality,50,0.85,0.1,8550016,False,,227,,True,0.7298,0.6298
silent_quality,50,0.85,0.1,8550017,True,471,450,-21,True,0.8507,0.7507
silent_quality,50,0.85,0.1,8550018,False,,174,,True,0.7293,0.6293
silent_quality,50,0.85,0.1,8550019,False,,416,,True,0.7840,0.6840
silent_quality,50,0.85,0.1,8550020,False,,,,,0.8473,0.7473
silent_quality,50,0.85,0.1,8550021,False,,408,,True,0.8342,0.7342
silent_quality,50,0.85,0.1,8550022,True,233,153,-80,True,0.8709,0.7709
silent_quality,50,0.85,0.1,8550023,False,,156,,True,0.7569,0.6569
silent_quality,50,0.85,0.1,8550024,True,254,277,23,False,0.9032,0.8032
silent_quality,50,0.85,0.1,8550025,False,,185,,True,0.8044,0.7044
silent_quality,50,0.85,0.1,8550026,False,,154,,True,0.7958,0.6958
silent_quality,50,0.85,0.1,8550027,False,,,,,0.7677,0.6677
silent_quality,50,0.85,0.1,8550028,True,223,221,-2,True,0.9443,0.8443
silent_quality,50,0.85,0.1,8550029,True,147,154,7,False,0.9433,0.8433
silent_quality,100,0.6,0.02,6100000,True,378,269,-109,True,0.6136,0.5936
silent_quality,100,0.6,0.02,6100001,True,177,584,407,False,0.7007,0.6807
silent_quality,100,0.6,0.02,6100002,True,112,269,157,False,0.5574,0.5374
silent_quality,100,0.6,0.02,6100003,True,493,269,-224,True,0.6000,0.5800
silent_quality,100,0.6,0.02,6100004,True,89,783,694,False,0.7679,0.7479
silent_quality,100,0.6,0.02,6100005,False,,498,,True,0.4985,0.4785
silent_quality,100,0.6,0.02,6100006,True,316,316,0,True,0.6804,0.6604
silent_quality,100,0.6,0.02,6100007,True,102,319,217,False,0.7715,0.7515
silent_quality,100,0.6,0.02,6100008,True,308,291,-17,True,0.6283,0.6083
silent_quality,100,0.6,0.02,6100009,False,,475,,True,0.5139,0.4939
silent_quality,100,0.6,0.02,6100010,False,,316,,True,0.5498,0.5298
silent_quality,100,0.6,0.02,6100011,False,,269,,True,0.3787,0.3587
silent_quality,100,0.6,0.02,6100012,True,93,328,235,False,0.6744,0.6544
silent_quality,100,0.6,0.02,6100013,False,,560,,True,0.4941,0.4741
silent_quality,100,0.6,0.02,6100014,True,109,304,195,False,0.7501,0.7301
silent_quality,100,0.6,0.02,6100015,True,573,303,-270,True,0.5700,0.5500
silent_quality,100,0.6,0.02,6100016,True,565,318,-247,True,0.5891,0.5691
silent_quality,100,0.6,0.02,6100017,True,78,271,193,False,0.8197,0.7997
silent_quality,100,0.6,0.02,6100018,True,133,394,261,False,0.7293,0.7093
silent_quality,100,0.6,0.02,6100019,True,193,287,94,False,0.6427,0.6227
silent_quality,100,0.6,0.02,6100020,True,89,377,288,False,0.8726,0.8526
silent_quality,100,0.6,0.02,6100021,True,101,467,366,False,0.8083,0.7883
silent_quality,100,0.6,0.02,6100022,True,528,351,-177,True,0.5776,0.5576
silent_quality,100,0.6,0.02,6100023,True,126,433,307,False,0.7351,0.7151
silent_quality,100,0.6,0.02,6100024,True,548,356,-192,True,0.6165,0.5965
silent_quality,100,0.6,0.02,6100025,True,334,277,-57,True,0.6011,0.5811
silent_quality,100,0.6,0.02,6100026,True,256,353,97,False,0.6851,0.6651
silent_quality,100,0.6,0.02,6100027,True,301,285,-16,True,0.6166,0.5966
silent_quality,100,0.6,0.02,6100028,True,537,662,125,False,0.6313,0.6113
silent_quality,100,0.6,0.02,6100029,True,92,331,239,False,0.7459,0.7259
silent_quality,100,0.6,0.03,6100000,True,382,269,-113,True,0.6136,0.5836
silent_quality,100,0.6,0.03,6100001,True,180,584,404,False,0.7007,0.6707
silent_quality,100,0.6,0.03,6100002,False,,269,,True,0.5574,0.5274
silent_quality,100,0.6,0.03,6100003,True,504,269,-235,True,0.6000,0.5700
silent_quality,100,0.6,0.03,6100004,True,97,783,686,False,0.7679,0.7379
silent_quality,100,0.6,0.03,6100005,False,,498,,True,0.4985,0.4685
silent_quality,100,0.6,0.03,6100006,True,317,316,-1,True,0.6804,0.6504
silent_quality,100,0.6,0.03,6100007,True,102,319,217,False,0.7715,0.7415
silent_quality,100,0.6,0.03,6100008,True,310,291,-19,True,0.6283,0.5983
silent_quality,100,0.6,0.03,6100009,False,,475,,True,0.5139,0.4839
silent_quality,100,0.6,0.03,6100010,False,,316,,True,0.5498,0.5198
silent_quality,100,0.6,0.03,6100011,False,,269,,True,0.3787,0.3487
silent_quality,100,0.6,0.03,6100012,True,122,328,206,False,0.6744,0.6444
silent_quality,100,0.6,0.03,6100013,False,,560,,True,0.4941,0.4641
silent_quality,100,0.6,0.03,6100014,True,111,304,193,False,0.7501,0.7201
silent_quality,100,0.6,0.03,6100015,True,591,303,-288,True,0.5700,0.5400
silent_quality,100,0.6,0.03,6100016,True,566,318,-248,True,0.5891,0.5591
silent_quality,100,0.6,0.03,6100017,True,79,271,192,False,0.8197,0.7897
silent_quality,100,0.6,0.03,6100018,True,147,394,247,False,0.7293,0.6993
silent_quality,100,0.6,0.03,6100019,True,196,287,91,False,0.6427,0.6127
silent_quality,100,0.6,0.03,6100020,True,90,377,287,False,0.8726,0.8426
silent_quality,100,0.6,0.03,6100021,True,105,467,362,False,0.8083,0.7783
silent_quality,100,0.6,0.03,6100022,True,538,351,-187,True,0.5776,0.5476
silent_quality,100,0.6,0.03,6100023,True,184,433,249,False,0.7351,0.7051
silent_quality,100,0.6,0.03,6100024,True,551,356,-195,True,0.6165,0.5865
silent_quality,100,0.6,0.03,6100025,True,344,277,-67,True,0.6011,0.5711
silent_quality,100,0.6,0.03,6100026,True,263,353,90,False,0.6851,0.6551
silent_quality,100,0.6,0.03,6100027,True,303,285,-18,True,0.6166,0.5866
silent_quality,100,0.6,0.03,6100028,True,566,662,96,False,0.6313,0.6013
silent_quality,100,0.6,0.03,6100029,True,94,331,237,False,0.7459,0.7159
silent_quality,100,0.6,0.05,6100000,True,388,269,-119,True,0.6136,0.5636
silent_quality,100,0.6,0.05,6100001,True,188,584,396,False,0.7007,0.6507
silent_quality,100,0.6,0.05,6100002,False,,269,,True,0.5574,0.5074
silent_quality,100,0.6,0.05,6100003,False,,269,,True,0.6000,0.5500
silent_quality,100,0.6,0.05,6100004,True,147,783,636,False,0.7679,0.7179
silent_quality,100,0.6,0.05,6100005,False,,498,,True,0.4985,0.4485
silent_quality,100,0.6,0.05,6100006,True,321,316,-5,True,0.6804,0.6304
silent_quality,100,0.6,0.05,6100007,True,104,319,215,False,0.7715,0.7215
silent_quality,100,0.6,0.05,6100008,True,320,291,-29,True,0.6283,0.5783
silent_quality,100,0.6,0.05,6100009,False,,475,,True,0.5139,0.4639
silent_quality,100,0.6,0.05,6100010,False,,316,,True,0.5498,0.4998
silent_quality,100,0.6,0.05,6100011,False,,269,,True,0.3787,0.3287
silent_quality,100,0.6,0.05,6100012,True,152,328,176,False,0.6744,0.6244
silent_quality,100,0.6,0.05,6100013,False,,560,,True,0.4941,0.4441
silent_quality,100,0.6,0.05,6100014,True,120,304,184,False,0.7501,0.7001
silent_quality,100,0.6,0.05,6100015,True,600,303,-297,True,0.5700,0.5200
silent_quality,100,0.6,0.05,6100016,True,570,318,-252,True,0.5891,0.5391
silent_quality,100,0.6,0.05,6100017,True,81,271,190,False,0.8197,0.7697
silent_quality,100,0.6,0.05,6100018,True,155,394,239,False,0.7293,0.6793
silent_quality,100,0.6,0.05,6100019,True,311,287,-24,True,0.6427,0.5927
silent_quality,100,0.6,0.05,6100020,True,92,377,285,False,0.8726,0.8226
silent_quality,100,0.6,0.05,6100021,True,120,467,347,False,0.8083,0.7583
silent_quality,100,0.6,0.05,6100022,True,556,351,-205,True,0.5776,0.5276
silent_quality,100,0.6,0.05,6100023,True,199,433,234,False,0.7351,0.6851
silent_quality,100,0.6,0.05,6100024,True,558,356,-202,True,0.6165,0.5665
silent_quality,100,0.6,0.05,6100025,True,394,277,-117,True,0.6011,0.5511
silent_quality,100,0.6,0.05,6100026,True,284,353,69,False,0.6851,0.6351
silent_quality,100,0.6,0.05,6100027,True,306,285,-21,True,0.6166,0.5666
silent_quality,100,0.6,0.05,6100028,True,925,662,-263,True,0.6313,0.5813
silent_quality,100,0.6,0.05,6100029,True,97,331,234,False,0.7459,0.6959
silent_quality,100,0.6,0.08,6100000,True,399,269,-130,True,0.6136,0.5336
silent_quality,100,0.6,0.08,6100001,True,193,584,391,False,0.7007,0.6207
silent_quality,100,0.6,0.08,6100002,False,,269,,True,0.5574,0.4774
silent_quality,100,0.6,0.08,6100003,False,,269,,True,0.6000,0.5200
silent_quality,100,0.6,0.08,6100004,True,238,783,545,False,0.7679,0.6879
silent_quality,100,0.6,0.08,6100005,False,,498,,True,0.4985,0.4185
silent_quality,100,0.6,0.08,6100006,True,323,316,-7,True,0.6804,0.6004
silent_quality,100,0.6,0.08,6100007,True,109,319,210,False,0.7715,0.6915
silent_quality,100,0.6,0.08,6100008,False,,291,,True,0.6283,0.5483
silent_quality,100,0.6,0.08,6100009,False,,475,,True,0.5139,0.4339
silent_quality,100,0.6,0.08,6100010,False,,316,,True,0.5498,0.4698
silent_quality,100,0.6,0.08,6100011,False,,269,,True,0.3787,0.2987
silent_quality,100,0.6,0.08,6100012,True,436,328,-108,True,0.6744,0.5944
silent_quality,100,0.6,0.08,6100013,False,,560,,True,0.4941,0.4141
silent_quality,100,0.6,0.08,6100014,True,136,304,168,False,0.7501,0.6701
silent_quality,100,0.6,0.08,6100015,True,818,303,-515,True,0.5700,0.4900
silent_quality,100,0.6,0.08,6100016,False,,318,,True,0.5891,0.5091
silent_quality,100,0.6,0.08,6100017,True,85,271,186,False,0.8197,0.7397
silent_quality,100,0.6,0.08,6100018,True,167,394,227,False,0.7293,0.6493
silent_quality,100,0.6,0.08,6100019,True,379,287,-92,True,0.6427,0.5627
silent_quality,100,0.6,0.08,6100020,True,95,377,282,False,0.8726,0.7926
silent_quality,100,0.6,0.08,6100021,True,150,467,317,False,0.8083,0.7283
silent_quality,100,0.6,0.08,6100022,True,561,351,-210,True,0.5776,0.4976
silent_quality,100,0.6,0.08,6100023,True,214,433,219,False,0.7351,0.6551
silent_quality,100,0.6,0.08,6100024,True,595,356,-239,True,0.6165,0.5365
silent_quality,100,0.6,0.08,6100025,False,,277,,True,0.6011,0.5211
silent_quality,100,0.6,0.08,6100026,True,356,353,-3,True,0.6851,0.6051
silent_quality,100,0.6,0.08,6100027,True,913,285,-628,True,0.6166,0.5366
silent_quality,100,0.6,0.08,6100028,True,951,662,-289,True,0.6313,0.5513
silent_quality,100,0.6,0.08,6100029,True,102,331,229,False,0.7459,0.6659
silent_quality,100,0.6,0.1,6100000,False,,269,,True,0.6136,0.5136
silent_quality,100,0.6,0.1,6100001,True,198,584,386,False,0.7007,0.6007
silent_quality,100,0.6,0.1,6100002,False,,269,,True,0.5574,0.4574
silent_quality,100,0.6,0.1,6100003,False,,269,,True,0.6000,0.5000
silent_quality,100,0.6,0.1,6100004,True,251,783,532,False,0.7679,0.6679
silent_quality,100,0.6,0.1,6100005,False,,498,,True,0.4985,0.3985
silent_quality,100,0.6,0.1,6100006,True,325,316,-9,True,0.6804,0.5804
silent_quality,100,0.6,0.1,6100007,True,111,319,208,False,0.7715,0.6715
silent_quality,100,0.6,0.1,6100008,False,,291,,True,0.6283,0.5283
silent_quality,100,0.6,0.1,6100009,False,,475,,True,0.5139,0.4139
silent_quality,100,0.6,0.1,6100010,False,,316,,True,0.5498,0.4498
silent_quality,100,0.6,0.1,6100011,False,,269,,True,0.3787,0.2787
silent_quality,100,0.6,0.1,6100012,True,849,328,-521,True,0.6744,0.5744
silent_quality,100,0.6,0.1,6100013,False,,560,,True,0.4941,0.3941
silent_quality,100,0.6,0.1,6100014,True,166,304,138,False,0.7501,0.6501
silent_quality,100,0.6,0.1,6100015,False,,303,,True,0.5700,0.4700
silent_quality,100,0.6,0.1,6100016,False,,318,,True,0.5891,0.4891
silent_quality,100,0.6,0.1,6100017,True,90,271,181,False,0.8197,0.7197
silent_quality,100,0.6,0.1,6100018,True,176,394,218,False,0.7293,0.6293
silent_quality,100,0.6,0.1,6100019,False,,287,,True,0.6427,0.5427
silent_quality,100,0.6,0.1,6100020,True,98,377,279,False,0.8726,0.7726
silent_quality,100,0.6,0.1,6100021,True,172,467,295,False,0.8083,0.7083
silent_quality,100,0.6,0.1,6100022,False,,351,,True,0.5776,0.4776
silent_quality,100,0.6,0.1,6100023,True,432,433,1,False,0.7351,0.6351
silent_quality,100,0.6,0.1,6100024,False,,356,,True,0.6165,0.5165
silent_quality,100,0.6,0.1,6100025,False,,277,,True,0.6011,0.5011
silent_quality,100,0.6,0.1,6100026,True,373,353,-20,True,0.6851,0.5851
silent_quality,100,0.6,0.1,6100027,True,936,285,-651,True,0.6166,0.5166
silent_quality,100,0.6,0.1,6100028,True,961,662,-299,True,0.6313,0.5313
silent_quality,100,0.6,0.1,6100029,True,109,331,222,False,0.7459,0.6459
silent_quality,100,0.75,0.02,7600000,True,102,323,221,False,0.9632,0.9432
silent_quality,100,0.75,0.02,7600001,True,157,333,176,False,0.8004,0.7804
silent_quality,100,0.75,0.02,7600002,True,482,713,231,False,0.7246,0.7046
silent_quality,100,0.75,0.02,7600003,True,318,320,2,False,0.7882,0.7682
silent_quality,100,0.75,0.02,7600004,True,291,269,-22,True,0.7614,0.7414
silent_quality,100,0.75,0.02,7600005,False,,,,,0.6029,0.5829
silent_quality,100,0.75,0.02,7600006,True,368,277,-91,True,0.7690,0.7490
silent_quality,100,0.75,0.02,7600007,True,438,306,-132,True,0.7187,0.6987
silent_quality,100,0.75,0.02,7600008,True,297,282,-15,True,0.7621,0.7421
silent_quality,100,0.75,0.02,7600009,True,92,285,193,False,0.9021,0.8821
silent_quality,100,0.75,0.02,7600010,True,120,518,398,False,0.7818,0.7618
silent_quality,100,0.75,0.02,7600011,True,120,276,156,False,0.8460,0.8260
silent_quality,100,0.75,0.02,7600012,True,303,294,-9,True,0.7399,0.7199
silent_quality,100,0.75,0.02,7600013,True,805,391,-414,True,0.7093,0.6893
silent_quality,100,0.75,0.02,7600014,True,98,362,264,False,0.9339,0.9139
silent_quality,100,0.75,0.02,7600015,True,231,291,60,False,0.8360,0.8160
silent_quality,100,0.75,0.02,7600016,True,294,269,-25,True,0.7984,0.7784
silent_quality,100,0.75,0.02,7600017,True,126,501,375,False,0.8671,0.8471
silent_quality,100,0.75,0.02,7600018,False,,659,,True,0.6574,0.6374
silent_quality,100,0.75,0.02,7600019,False,,357,,True,0.5612,0.5412
silent_quality,100,0.75,0.02,7600020,False,,313,,True,0.6434,0.6234
silent_quality,100,0.75,0.02,7600021,True,153,269,116,False,0.8454,0.8254
silent_quality,100,0.75,0.02,7600022,True,101,277,176,False,0.8977,0.8777
silent_quality,100,0.75,0.02,7600023,True,90,282,192,False,0.9416,0.9216
silent_quality,100,0.75,0.02,7600024,False,,345,,True,0.6771,0.6571
silent_quality,100,0.75,0.02,7600025,True,149,964,815,False,0.7534,0.7334
silent_quality,100,0.75,0.02,7600026,False,,444,,True,0.6254,0.6054
silent_quality,100,0.75,0.02,7600027,True,300,314,14,False,0.8260,0.8060
silent_quality,100,0.75,0.02,7600028,True,100,290,190,False,0.9287,0.9087
silent_quality,100,0.75,0.02,7600029,True,191,343,152,False,0.7457,0.7257
silent_quality,100,0.75,0.03,7600000,True,106,323,217,False,0.9632,0.9332
silent_quality,100,0.75,0.03,7600001,True,159,333,174,False,0.8004,0.7704
silent_quality,100,0.75,0.03,7600002,True,537,713,176,False,0.7246,0.6946
silent_quality,100,0.75,0.03,7600003,True,359,320,-39,True,0.7882,0.7582
silent_quality,100,0.75,0.03,7600004,True,293,269,-24,True,0.7614,0.7314
silent_quality,100,0.75,0.03,7600005,False,,,,,0.6029,0.5729
silent_quality,100,0.75,0.03,7600006,True,372,277,-95,True,0.7690,0.7390
silent_quality,100,0.75,0.03,7600007,True,453,306,-147,True,0.7187,0.6887
silent_quality,100,0.75,0.03,7600008,True,304,282,-22,True,0.7621,0.7321
silent_quality,100,0.75,0.03,7600009,True,93,285,192,False,0.9021,0.8721
silent_quality,100,0.75,0.03,7600010,True,122,518,396,False,0.7818,0.7518
silent_quality,100,0.75,0.03,7600011,True,150,276,126,False,0.8460,0.8160
silent_quality,100,0.75,0.03,7600012,True,306,294,-12,True,0.7399,0.7099
silent_quality,100,0.75,0.03,7600013,False,,391,,True,0.7093,0.6793
silent_quality,100,0.75,0.03,7600014,True,103,362,259,False,0.9339,0.9039
silent_quality,100,0.75,0.03,7600015,True,274,291,17,False,0.8360,0.8060
silent_quality,100,0.75,0.03,7600016,True,301,269,-32,True,0.7984,0.7684
silent_quality,100,0.75,0.03,7600017,True,132,501,369,False,0.8671,0.8371
silent_quality,100,0.75,0.03,7600018,False,,659,,True,0.6574,0.6274
silent_quality,100,0.75,0.03,7600019,False,,357,,True,0.5612,0.5312
silent_quality,100,0.75,0.03,7600020,False,,313,,True,0.6434,0.6134
silent_quality,100,0.75,0.03,7600021,True,156,269,113,False,0.8454,0.8154
silent_quality,100,0.75,0.03,7600022,True,102,277,175,False,0.8977,0.8677
silent_quality,100,0.75,0.03,7600023,True,91,282,191,False,0.9416,0.9116
silent_quality,100,0.75,0.03,7600024,False,,345,,True,0.6771,0.6471
silent_quality,100,0.75,0.03,7600025,True,372,964,592,False,0.7534,0.7234
silent_quality,100,0.75,0.03,7600026,False,,444,,True,0.6254,0.5954
silent_quality,100,0.75,0.03,7600027,True,311,314,3,False,0.8260,0.7960
silent_quality,100,0.75,0.03,7600028,True,101,290,189,False,0.9287,0.8987
silent_quality,100,0.75,0.03,7600029,True,197,343,146,False,0.7457,0.7157
silent_quality,100,0.75,0.05,7600000,True,113,323,210,False,0.9632,0.9132
silent_quality,100,0.75,0.05,7600001,True,165,333,168,False,0.8004,0.7504
silent_quality,100,0.75,0.05,7600002,True,954,713,-241,True,0.7246,0.6746
silent_quality,100,0.75,0.05,7600003,True,370,320,-50,True,0.7882,0.7382
silent_quality,100,0.75,0.05,7600004,True,297,269,-28,True,0.7614,0.7114
silent_quality,100,0.75,0.05,7600005,False,,,,,0.6029,0.5529
silent_quality,100,0.75,0.05,7600006,True,379,277,-102,True,0.7690,0.7190
silent_quality,100,0.75,0.05,7600007,True,471,306,-165,True,0.7187,0.6687
silent_quality,100,0.75,0.05,7600008,True,308,282,-26,True,0.7621,0.7121
silent_quality,100,0.75,0.05,7600009,True,98,285,187,False,0.9021,0.8521
silent_quality,100,0.75,0.05,7600010,True,126,518,392,False,0.7818,0.7318
silent_quality,100,0.75,0.05,7600011,True,260,276,16,False,0.8460,0.7960
silent_quality,100,0.75,0.05,7600012,True,341,294,-47,True,0.7399,0.6899
silent_quality,100,0.75,0.05,7600013,False,,391,,True,0.7093,0.6593
silent_quality,100,0.75,0.05,7600014,True,116,362,246,False,0.9339,0.8839
silent_quality,100,0.75,0.05,7600015,True,296,291,-5,True,0.8360,0.7860
silent_quality,100,0.75,0.05,7600016,True,362,269,-93,True,0.7984,0.7484
silent_quality,100,0.75,0.05,7600017,True,147,501,354,False,0.8671,0.8171
silent_quality,100,0.75,0.05,7600018,False,,659,,True,0.6574,0.6074
silent_quality,100,0.75,0.05,7600019,False,,357,,True,0.5612,0.5112
silent_quality,100,0.75,0.05,7600020,False,,313,,True,0.6434,0.5934
silent_quality,100,0.75,0.05,7600021,True,189,269,80,False,0.8454,0.7954
silent_quality,100,0.75,0.05,7600022,True,106,277,171,False,0.8977,0.8477
silent_quality,100,0.75,0.05,7600023,True,93,282,189,False,0.9416,0.8916
silent_quality,100,0.75,0.05,7600024,False,,345,,True,0.6771,0.6271
silent_quality,100,0.75,0.05,7600025,True,403,964,561,False,0.7534,0.7034
silent_quality,100,0.75,0.05,7600026,False,,444,,True,0.6254,0.5754
silent_quality,100,0.75,0.05,7600027,True,402,314,-88,True,0.8260,0.7760
silent_quality,100,0.75,0.05,7600028,True,105,290,185,False,0.9287,0.8787
silent_quality,100,0.75,0.05,7600029,True,385,343,-42,True,0.7457,0.6957
silent_quality,100,0.75,0.08,7600000,True,132,323,191,False,0.9632,0.8832
silent_quality,100,0.75,0.08,7600001,True,456,333,-123,True,0.8004,0.7204
silent_quality,100,0.75,0.08,7600002,True,976,713,-263,True,0.7246,0.6446
silent_quality,100,0.75,0.08,7600003,True,387,320,-67,True,0.7882,0.7082
silent_quality,100,0.75,0.08,7600004,True,431,269,-162,True,0.7614,0.6814
silent_quality,100,0.75,0.08,7600005,False,,,,,0.6029,0.5229
silent_quality,100,0.75,0.08,7600006,True,848,277,-571,True,0.7690,0.6890
silent_quality,100,0.75,0.08,7600007,True,587,306,-281,True,0.7187,0.6387
silent_quality,100,0.75,0.08,7600008,True,313,282,-31,True,0.7621,0.6821
silent_quality,100,0.75,0.08,7600009,True,106,285,179,False,0.9021,0.8221
silent_quality,100,0.75,0.08,7600010,True,133,518,385,False,0.7818,0.7018
silent_quality,100,0.75,0.08,7600011,True,281,276,-5,True,0.8460,0.7660
silent_quality,100,0.75,0.08,7600012,True,909,294,-615,True,0.7399,0.6599
silent_quality,100,0.75,0.08,7600013,False,,391,,True,0.7093,0.6293
silent_quality,100,0.75,0.08,7600014,True,130,362,232,False,0.9339,0.8539
silent_quality,100,0.75,0.08,7600015,True,325,291,-34,True,0.8360,0.7560
silent_quality,100,0.75,0.08,7600016,True,394,269,-125,True,0.7984,0.7184
silent_quality,100,0.75,0.08,7600017,True,166,501,335,False,0.8671,0.7871
silent_quality,100,0.75,0.08,7600018,False,,659,,True,0.6574,0.5774
silent_quality,100,0.75,0.08,7600019,False,,357,,True,0.5612,0.4812
silent_quality,100,0.75,0.08,7600020,False,,313,,True,0.6434,0.5634
silent_quality,100,0.75,0.08,7600021,True,207,269,62,False,0.8454,0.7654
silent_quality,100,0.75,0.08,7600022,True,111,277,166,False,0.8977,0.8177
silent_quality,100,0.75,0.08,7600023,True,96,282,186,False,0.9416,0.8616
silent_quality,100,0.75,0.08,7600024,False,,345,,True,0.6771,0.5971
silent_quality,100,0.75,0.08,7600025,True,477,964,487,False,0.7534,0.6734
silent_quality,100,0.75,0.08,7600026,False,,444,,True,0.6254,0.5454
silent_quality,100,0.75,0.08,7600027,True,596,314,-282,True,0.8260,0.7460
silent_quality,100,0.75,0.08,7600028,True,111,290,179,False,0.9287,0.8487
silent_quality,100,0.75,0.08,7600029,True,430,343,-87,True,0.7457,0.6657
silent_quality,100,0.75,0.1,7600000,True,144,323,179,False,0.9632,0.8632
silent_quality,100,0.75,0.1,7600001,True,568,333,-235,True,0.8004,0.7004
silent_quality,100,0.75,0.1,7600002,False,,713,,True,0.7246,0.6246
silent_quality,100,0.75,0.1,7600003,True,396,320,-76,True,0.7882,0.6882
silent_quality,100,0.75,0.1,7600004,True,506,269,-237,True,0.7614,0.6614
silent_quality,100,0.75,0.1,7600005,False,,,,,0.6029,0.5029
silent_quality,100,0.75,0.1,7600006,True,855,277,-578,True,0.7690,0.6690
silent_quality,100,0.75,0.1,7600007,False,,306,,True,0.7187,0.6187
silent_quality,100,0.75,0.1,7600008,True,320,282,-38,True,0.7621,0.6621
silent_quality,100,0.75,0.1,7600009,True,121,285,164,False,0.9021,0.8021
silent_quality,100,0.75,0.1,7600010,True,140,518,378,False,0.7818,0.6818
silent_quality,100,0.75,0.1,7600011,True,292,276,-16,True,0.8460,0.7460
silent_quality,100,0.75,0.1,7600012,True,913,294,-619,True,0.7399,0.6399
silent_quality,100,0.75,0.1,7600013,False,,391,,True,0.7093,0.6093
silent_quality,100,0.75,0.1,7600014,True,149,362,213,False,0.9339,0.8339
silent_quality,100,0.75,0.1,7600015,True,382,291,-91,True,0.8360,0.7360
silent_quality,100,0.75,0.1,7600016,True,701,269,-432,True,0.7984,0.6984
silent_quality,100,0.75,0.1,7600017,True,242,501,259,False,0.8671,0.7671
silent_quality,100,0.75,0.1,7600018,False,,659,,True,0.6574,0.5574
silent_quality,100,0.75,0.1,7600019,False,,357,,True,0.5612,0.4612
silent_quality,100,0.75,0.1,7600020,False,,313,,True,0.6434,0.5434
silent_quality,100,0.75,0.1,7600021,True,253,269,16,False,0.8454,0.7454
silent_quality,100,0.75,0.1,7600022,True,117,277,160,False,0.8977,0.7977
silent_quality,100,0.75,0.1,7600023,True,99,282,183,False,0.9416,0.8416
silent_quality,100,0.75,0.1,7600024,False,,345,,True,0.6771,0.5771
silent_quality,100,0.75,0.1,7600025,False,,964,,True,0.7534,0.6534
silent_quality,100,0.75,0.1,7600026,False,,444,,True,0.6254,0.5254
silent_quality,100,0.75,0.1,7600027,True,606,314,-292,True,0.8260,0.7260
silent_quality,100,0.75,0.1,7600028,True,117,290,173,False,0.9287,0.8287
silent_quality,100,0.75,0.1,7600029,True,446,343,-103,True,0.7457,0.6457
silent_quality,100,0.85,0.02,8600000,True,142,512,370,False,0.9497,0.9297
silent_quality,100,0.85,0.02,8600001,False,,333,,True,0.7414,0.7214
silent_quality,100,0.85,0.02,8600002,True,185,288,103,False,0.8451,0.8251
silent_quality,100,0.85,0.02,8600003,True,475,280,-195,True,0.7434,0.7234
silent_quality,100,0.85,0.02,8600004,True,135,399,264,False,0.8869,0.8669
silent_quality,100,0.85,0.02,8600005,False,,614,,True,0.7385,0.7185
silent_quality,100,0.85,0.02,8600006,True,960,269,-691,True,0.7966,0.7766
silent_quality,100,0.85,0.02,8600007,True,288,436,148,False,0.8171,0.7971
silent_quality,100,0.85,0.02,8600008,True,100,902,802,False,0.9313,0.9113
silent_quality,100,0.85,0.02,8600009,True,99,743,644,False,0.8972,0.8772
silent_quality,100,0.85,0.02,8600010,True,297,287,-10,True,0.8676,0.8476
silent_quality,100,0.85,0.02,8600011,True,82,373,291,False,0.9385,0.9185
silent_quality,100,0.85,0.02,8600012,True,168,289,121,False,0.9463,0.9263
silent_quality,100,0.85,0.02,8600013,True,305,317,12,False,0.8460,0.8260
silent_quality,100,0.85,0.02,8600014,True,226,345,119,False,0.8542,0.8342
silent_quality,100,0.85,0.02,8600015,True,293,294,1,False,0.8030,0.7830
silent_quality,100,0.85,0.02,8600016,True,470,289,-181,True,0.7881,0.7681
silent_quality,100,0.85,0.02,8600017,True,115,,,,0.9525,0.9325
silent_quality,100,0.85,0.02,8600018,False,,,,,0.7535,0.7335
silent_quality,100,0.85,0.02,8600019,True,342,316,-26,True,0.8415,0.8215
silent_quality,100,0.85,0.02,8600020,True,153,269,116,False,0.8958,0.8758
silent_quality,100,0.85,0.02,8600021,True,146,320,174,False,0.9278,0.9078
silent_quality,100,0.85,0.02,8600022,True,423,272,-151,True,0.7985,0.7785
silent_quality,100,0.85,0.02,8600023,True,117,748,631,False,0.9071,0.8871
silent_quality,100,0.85,0.02,8600024,True,899,377,-522,True,0.7851,0.7651
silent_quality,100,0.85,0.02,8600025,True,170,286,116,False,0.8631,0.8431
silent_quality,100,0.85,0.02,8600026,True,395,383,-12,True,0.7986,0.7786
silent_quality,100,0.85,0.02,8600027,True,296,290,-6,True,0.8194,0.7994
silent_quality,100,0.85,0.02,8600028,True,148,312,164,False,0.8742,0.8542
silent_quality,100,0.85,0.02,8600029,True,168,617,449,False,0.9034,0.8834
silent_quality,100,0.85,0.03,8600000,True,170,512,342,False,0.9497,0.9197
silent_quality,100,0.85,0.03,8600001,False,,333,,True,0.7414,0.7114
silent_quality,100,0.85,0.03,8600002,True,188,288,100,False,0.8451,0.8151
silent_quality,100,0.85,0.03,8600003,True,481,280,-201,True,0.7434,0.7134
silent_quality,100,0.85,0.03,8600004,True,142,399,257,False,0.8869,0.8569
silent_quality,100,0.85,0.03,8600005,False,,614,,True,0.7385,0.7085
silent_quality,100,0.85,0.03,8600006,False,,269,,True,0.7966,0.7666
silent_quality,100,0.85,0.03,8600007,True,296,436,140,False,0.8171,0.7871
silent_quality,100,0.85,0.03,8600008,True,107,902,795,False,0.9313,0.9013
silent_quality,100,0.85,0.03,8600009,True,102,743,641,False,0.8972,0.8672
silent_quality,100,0.85,0.03,8600010,True,298,287,-11,True,0.8676,0.8376
silent_quality,100,0.85,0.03,8600011,True,83,373,290,False,0.9385,0.9085
silent_quality,100,0.85,0.03,8600012,True,179,289,110,False,0.9463,0.9163
silent_quality,100,0.85,0.03,8600013,True,309,317,8,False,0.8460,0.8160
silent_quality,100,0.85,0.03,8600014,True,231,345,114,False,0.8542,0.8242
silent_quality,100,0.85,0.03,8600015,True,383,294,-89,True,0.8030,0.7730
silent_quality,100,0.85,0.03,8600016,True,476,289,-187,True,0.7881,0.7581
silent_quality,100,0.85,0.03,8600017,True,123,,,,0.9525,0.9225
silent_quality,100,0.85,0.03,8600018,False,,,,,0.7535,0.7235
silent_quality,100,0.85,0.03,8600019,True,346,316,-30,True,0.8415,0.8115
silent_quality,100,0.85,0.03,8600020,True,160,269,109,False,0.8958,0.8658
silent_quality,100,0.85,0.03,8600021,True,152,320,168,False,0.9278,0.8978
silent_quality,100,0.85,0.03,8600022,True,431,272,-159,True,0.7985,0.7685
silent_quality,100,0.85,0.03,8600023,True,121,748,627,False,0.9071,0.8771
silent_quality,100,0.85,0.03,8600024,True,911,377,-534,True,0.7851,0.7551
silent_quality,100,0.85,0.03,8600025,True,210,286,76,False,0.8631,0.8331
silent_quality,100,0.85,0.03,8600026,True,397,383,-14,True,0.7986,0.7686
silent_quality,100,0.85,0.03,8600027,True,299,290,-9,True,0.8194,0.7894
silent_quality,100,0.85,0.03,8600028,True,151,312,161,False,0.8742,0.8442
silent_quality,100,0.85,0.03,8600029,True,288,617,329,False,0.9034,0.8734
silent_quality,100,0.85,0.05,8600000,True,185,512,327,False,0.9497,0.8997
silent_quality,100,0.85,0.05,8600001,False,,333,,True,0.7414,0.6914
silent_quality,100,0.85,0.05,8600002,True,319,288,-31,True,0.8451,0.7951
silent_quality,100,0.85,0.05,8600003,True,492,280,-212,True,0.7434,0.6934
silent_quality,100,0.85,0.05,8600004,True,204,399,195,False,0.8869,0.8369
silent_quality,100,0.85,0.05,8600005,False,,614,,True,0.7385,0.6885
silent_quality,100,0.85,0.05,8600006,False,,269,,True,0.7966,0.7466
silent_quality,100,0.85,0.05,8600007,True,436,436,0,True,0.8171,0.7671
silent_quality,100,0.85,0.05,8600008,True,127,902,775,False,0.9313,0.8813
silent_quality,100,0.85,0.05,8600009,True,288,743,455,False,0.8972,0.8472
silent_quality,100,0.85,0.05,8600010,True,301,287,-14,True,0.8676,0.8176
silent_quality,100,0.85,0.05,8600011,True,87,373,286,False,0.9385,0.8885
silent_quality,100,0.85,0.05,8600012,True,206,289,83,False,0.9463,0.8963
silent_quality,100,0.85,0.05,8600013,True,314,317,3,False,0.8460,0.7960
silent_quality,100,0.85,0.05,8600014,True,260,345,85,False,0.8542,0.8042
silent_quality,100,0.85,0.05,8600015,True,985,294,-691,True,0.8030,0.7530
silent_quality,100,0.85,0.05,8600016,True,516,289,-227,True,0.7881,0.7381
silent_quality,100,0.85,0.05,8600017,True,204,,,,0.9525,0.9025
silent_quality,100,0.85,0.05,8600018,False,,,,,0.7535,0.7035
silent_quality,100,0.85,0.05,8600019,True,357,316,-41,True,0.8415,0.7915
silent_quality,100,0.85,0.05,8600020,True,187,269,82,False,0.8958,0.8458
silent_quality,100,0.85,0.05,8600021,True,167,320,153,False,0.9278,0.8778
silent_quality,100,0.85,0.05,8600022,True,639,272,-367,True,0.7985,0.7485
silent_quality,100,0.85,0.05,8600023,True,133,748,615,False,0.9071,0.8571
silent_quality,100,0.85,0.05,8600024,True,923,377,-546,True,0.7851,0.7351
silent_quality,100,0.85,0.05,8600025,True,275,286,11,False,0.8631,0.8131
silent_quality,100,0.85,0.05,8600026,True,407,383,-24,True,0.7986,0.7486
silent_quality,100,0.85,0.05,8600027,True,304,290,-14,True,0.8194,0.7694
silent_quality,100,0.85,0.05,8600028,True,175,312,137,False,0.8742,0.8242
silent_quality,100,0.85,0.05,8600029,True,324,617,293,False,0.9034,0.8534
silent_quality,100,0.85,0.08,8600000,True,239,512,273,False,0.9497,0.8697
silent_quality,100,0.85,0.08,8600001,False,,333,,True,0.7414,0.6614
silent_quality,100,0.85,0.08,8600002,True,341,288,-53,True,0.8451,0.7651
silent_quality,100,0.85,0.08,8600003,False,,280,,True,0.7434,0.6634
silent_quality,100,0.85,0.08,8600004,True,389,399,10,False,0.8869,0.8069
silent_quality,100,0.85,0.08,8600005,False,,614,,True,0.7385,0.6585
silent_quality,100,0.85,0.08,8600006,False,,269,,True,0.7966,0.7166
silent_quality,100,0.85,0.08,8600007,True,461,436,-25,True,0.8171,0.7371
silent_quality,100,0.85,0.08,8600008,True,176,902,726,False,0.9313,0.8513
silent_quality,100,0.85,0.08,8600009,True,353,743,390,False,0.8972,0.8172
silent_quality,100,0.85,0.08,8600010,True,308,287,-21,True,0.8676,0.7876
silent_quality,100,0.85,0.08,8600011,True,92,373,281,False,0.9385,0.8585
silent_quality,100,0.85,0.08,8600012,True,232,289,57,False,0.9463,0.8663
silent_quality,100,0.85,0.08,8600013,True,512,317,-195,True,0.8460,0.7660
silent_quality,100,0.85,0.08,8600014,True,274,345,71,False,0.8542,0.7742
silent_quality,100,0.85,0.08,8600015,False,,294,,True,0.8030,0.7230
silent_quality,100,0.85,0.08,8600016,True,583,289,-294,True,0.7881,0.7081
silent_quality,100,0.85,0.08,8600017,True,239,,,,0.9525,0.8725
silent_quality,100,0.85,0.08,8600018,False,,,,,0.7535,0.6735
silent_quality,100,0.85,0.08,8600019,True,368,316,-52,True,0.8415,0.7615
silent_quality,100,0.85,0.08,8600020,True,266,269,3,False,0.8958,0.8158
silent_quality,100,0.85,0.08,8600021,True,378,320,-58,True,0.9278,0.8478
silent_quality,100,0.85,0.08,8600022,True,829,272,-557,True,0.7985,0.7185
silent_quality,100,0.85,0.08,8600023,True,228,748,520,False,0.9071,0.8271
silent_quality,100,0.85,0.08,8600024,False,,377,,True,0.7851,0.7051
silent_quality,100,0.85,0.08,8600025,True,299,286,-13,True,0.8631,0.7831
silent_quality,100,0.85,0.08,8600026,False,,383,,True,0.7986,0.7186
silent_quality,100,0.85,0.08,8600027,True,587,290,-297,True,0.8194,0.7394
silent_quality,100,0.85,0.08,8600028,True,315,312,-3,True,0.8742,0.7942
silent_quality,100,0.85,0.08,8600029,True,480,617,137,False,0.9034,0.8234
silent_quality,100,0.85,0.1,8600000,True,249,512,263,False,0.9497,0.8497
silent_quality,100,0.85,0.1,8600001,False,,333,,True,0.7414,0.6414
silent_quality,100,0.85,0.1,8600002,True,356,288,-68,True,0.8451,0.7451
silent_quality,100,0.85,0.1,8600003,False,,280,,True,0.7434,0.6434
silent_quality,100,0.85,0.1,8600004,True,405,399,-6,True,0.8869,0.7869
silent_quality,100,0.85,0.1,8600005,False,,614,,True,0.7385,0.6385
silent_quality,100,0.85,0.1,8600006,False,,269,,True,0.7966,0.6966
silent_quality,100,0.85,0.1,8600007,True,467,436,-31,True,0.8171,0.7171
silent_quality,100,0.85,0.1,8600008,True,220,902,682,False,0.9313,0.8313
silent_quality,100,0.85,0.1,8600009,True,386,743,357,False,0.8972,0.7972
silent_quality,100,0.85,0.1,8600010,True,316,287,-29,True,0.8676,0.7676
silent_quality,100,0.85,0.1,8600011,True,98,373,275,False,0.9385,0.8385
silent_quality,100,0.85,0.1,8600012,True,261,289,28,False,0.9463,0.8463
silent_quality,100,0.85,0.1,8600013,False,,317,,True,0.8460,0.7460
silent_quality,100,0.85,0.1,8600014,True,284,345,61,False,0.8542,0.7542
silent_quality,100,0.85,0.1,8600015,False,,294,,True,0.8030,0.7030
silent_quality,100,0.85,0.1,8600016,False,,289,,True,0.7881,0.6881
silent_quality,100,0.85,0.1,8600017,True,244,,,,0.9525,0.8525
silent_quality,100,0.85,0.1,8600018,False,,,,,0.7535,0.6535
silent_quality,100,0.85,0.1,8600019,True,398,316,-82,True,0.8415,0.7415
silent_quality,100,0.85,0.1,8600020,True,324,269,-55,True,0.8958,0.7958
silent_quality,100,0.85,0.1,8600021,True,394,320,-74,True,0.9278,0.8278
silent_quality,100,0.85,0.1,8600022,True,877,272,-605,True,0.7985,0.6985
silent_quality,100,0.85,0.1,8600023,True,337,748,411,False,0.9071,0.8071
silent_quality,100,0.85,0.1,8600024,False,,377,,True,0.7851,0.6851
silent_quality,100,0.85,0.1,8600025,True,342,286,-56,True,0.8631,0.7631
silent_quality,100,0.85,0.1,8600026,False,,383,,True,0.7986,0.6986
silent_quality,100,0.85,0.1,8600027,True,619,290,-329,True,0.8194,0.7194
silent_quality,100,0.85,0.1,8600028,True,320,312,-8,True,0.8742,0.7742
silent_quality,100,0.85,0.1,8600029,True,608,617,9,False,0.9034,0.8034
silent_quality,200,0.6,0.02,6200000,True,976,978,2,False,0.5566,0.5366
silent_quality,200,0.6,0.02,6200001,True,116,991,875,False,0.7084,0.6884
silent_quality,200,0.6,0.02,6200002,True,765,561,-204,True,0.5803,0.5603
silent_quality,200,0.6,0.02,6200003,True,195,607,412,False,0.6665,0.6465
silent_quality,200,0.6,0.02,6200004,True,96,,,,0.8052,0.7852
silent_quality,200,0.6,0.02,6200005,True,184,522,338,False,0.7160,0.6960
silent_quality,200,0.6,0.02,6200006,True,548,523,-25,True,0.5893,0.5693
silent_quality,200,0.6,0.02,6200007,True,699,536,-163,True,0.6179,0.5979
silent_quality,200,0.6,0.02,6200008,True,129,519,390,False,0.6906,0.6706
silent_quality,200,0.6,0.02,6200009,True,1775,1272,-503,True,0.5495,0.5295
silent_quality,200,0.6,0.02,6200010,False,,540,,True,0.5003,0.4803
silent_quality,200,0.6,0.02,6200011,True,183,560,377,False,0.6800,0.6600
silent_quality,200,0.6,0.02,6200012,True,92,831,739,False,0.6828,0.6628
silent_quality,200,0.6,0.02,6200013,True,172,653,481,False,0.7133,0.6933
silent_quality,200,0.6,0.02,6200014,False,,766,,True,0.4635,0.4435
silent_quality,200,0.6,0.02,6200015,True,593,535,-58,True,0.5745,0.5545
silent_quality,200,0.6,0.02,6200016,False,,618,,True,0.3744,0.3544
silent_quality,200,0.6,0.02,6200017,True,104,535,431,False,0.7420,0.7220
silent_quality,200,0.6,0.02,6200018,True,1022,703,-319,True,0.5959,0.5759
silent_quality,200,0.6,0.02,6200019,True,84,553,469,False,0.8909,0.8709
silent_quality,200,0.6,0.02,6200020,False,,,,,0.4482,0.4282
silent_quality,200,0.6,0.02,6200021,False,,600,,True,0.4688,0.4488
silent_quality,200,0.6,0.02,6200022,True,103,529,426,False,0.7385,0.7185
silent_quality,200,0.6,0.02,6200023,True,479,819,340,False,0.6521,0.6321
silent_quality,200,0.6,0.02,6200024,True,576,525,-51,True,0.6366,0.6166
silent_quality,200,0.6,0.02,6200025,True,362,552,190,False,0.6554,0.6354
silent_quality,200,0.6,0.02,6200026,True,582,528,-54,True,0.5583,0.5383
silent_quality,200,0.6,0.02,6200027,True,421,917,496,False,0.6379,0.6179
silent_quality,200,0.6,0.02,6200028,True,142,523,381,False,0.7315,0.7115
silent_quality,200,0.6,0.02,6200029,False,,707,,True,0.4712,0.4512
silent_quality,200,0.6,0.03,6200000,True,993,978,-15,True,0.5566,0.5266
silent_quality,200,0.6,0.03,6200001,True,120,991,871,False,0.7084,0.6784
silent_quality,200,0.6,0.03,6200002,True,776,561,-215,True,0.5803,0.5503
silent_quality,200,0.6,0.03,6200003,True,197,607,410,False,0.6665,0.6365
silent_quality,200,0.6,0.03,6200004,True,98,,,,0.8052,0.7752
silent_quality,200,0.6,0.03,6200005,True,188,522,334,False,0.7160,0.6860
silent_quality,200,0.6,0.03,6200006,True,728,523,-205,True,0.5893,0.5593
silent_quality,200,0.6,0.03,6200007,True,731,536,-195,True,0.6179,0.5879
silent_quality,200,0.6,0.03,6200008,True,133,519,386,False,0.6906,0.6606
silent_quality,200,0.6,0.03,6200009,False,,1272,,True,0.5495,0.5195
silent_quality,200,0.6,0.03,6200010,False,,540,,True,0.5003,0.4703
silent_quality,200,0.6,0.03,6200011,True,237,560,323,False,0.6800,0.6500
silent_quality,200,0.6,0.03,6200012,True,98,831,733,False,0.6828,0.6528
silent_quality,200,0.6,0.03,6200013,True,180,653,473,False,0.7133,0.6833
silent_quality,200,0.6,0.03,6200014,False,,766,,True,0.4635,0.4335
silent_quality,200,0.6,0.03,6200015,True,1147,535,-612,True,0.5745,0.5445
silent_quality,200,0.6,0.03,6200016,False,,618,,True,0.3744,0.3444
silent_quality,200,0.6,0.03,6200017,True,179,535,356,False,0.7420,0.7120
silent_quality,200,0.6,0.03,6200018,True,1205,703,-502,True,0.5959,0.5659
silent_quality,200,0.6,0.03,6200019,True,85,553,468,False,0.8909,0.8609
silent_quality,200,0.6,0.03,6200020,False,,,,,0.4482,0.4182
silent_quality,200,0.6,0.03,6200021,False,,600,,True,0.4688,0.4388
silent_quality,200,0.6,0.03,6200022,True,106,529,423,False,0.7385,0.7085
silent_quality,200,0.6,0.03,6200023,True,495,819,324,False,0.6521,0.6221
silent_quality,200,0.6,0.03,6200024,True,580,525,-55,True,0.6366,0.6066
silent_quality,200,0.6,0.03,6200025,True,364,552,188,False,0.6554,0.6254
silent_quality,200,0.6,0.03,6200026,True,586,528,-58,True,0.5583,0.5283
silent_quality,200,0.6,0.03,6200027,True,426,917,491,False,0.6379,0.6079
silent_quality,200,0.6,0.03,6200028,True,144,523,379,False,0.7315,0.7015
silent_quality,200,0.6,0.03,6200029,False,,707,,True,0.4712,0.4412
silent_quality,200,0.6,0.05,6200000,True,1002,978,-24,True,0.5566,0.5066
silent_quality,200,0.6,0.05,6200001,True,126,991,865,False,0.7084,0.6584
silent_quality,200,0.6,0.05,6200002,True,1860,561,-1299,True,0.5803,0.5303
silent_quality,200,0.6,0.05,6200003,True,201,607,406,False,0.6665,0.6165
silent_quality,200,0.6,0.05,6200004,True,101,,,,0.8052,0.7552
silent_quality,200,0.6,0.05,6200005,True,233,522,289,False,0.7160,0.6660
silent_quality,200,0.6,0.05,6200006,True,733,523,-210,True,0.5893,0.5393
silent_quality,200,0.6,0.05,6200007,True,1033,536,-497,True,0.6179,0.5679
silent_quality,200,0.6,0.05,6200008,True,136,519,383,False,0.6906,0.6406
silent_quality,200,0.6,0.05,6200009,False,,1272,,True,0.5495,0.4995
silent_quality,200,0.6,0.05,6200010,False,,540,,True,0.5003,0.4503
silent_quality,200,0.6,0.05,6200011,True,410,560,150,False,0.6800,0.6300
silent_quality,200,0.6,0.05,6200012,True,361,831,470,False,0.6828,0.6328
silent_quality,200,0.6,0.05,6200013,True,469,653,184,False,0.7133,0.6633
silent_quality,200,0.6,0.05,6200014,False,,766,,True,0.4635,0.4135
silent_quality,200,0.6,0.05,6200015,False,,535,,True,0.5745,0.5245
silent_quality,200,0.6,0.05,6200016,False,,618,,True,0.3744,0.3244
silent_quality,200,0.6,0.05,6200017,True,294,535,241,False,0.7420,0.6920
silent_quality,200,0.6,0.05,6200018,True,1922,703,-1219,True,0.5959,0.5459
silent_quality,200,0.6,0.05,6200019,True,88,553,465,False,0.8909,0.8409
silent_quality,200,0.6,0.05,6200020,False,,,,,0.4482,0.3982
silent_quality,200,0.6,0.05,6200021,False,,600,,True,0.4688,0.4188
silent_quality,200,0.6,0.05,6200022,True,124,529,405,False,0.7385,0.6885
silent_quality,200,0.6,0.05,6200023,True,537,819,282,False,0.6521,0.6021
silent_quality,200,0.6,0.05,6200024,True,591,525,-66,True,0.6366,0.5866
silent_quality,200,0.6,0.05,6200025,True,368,552,184,False,0.6554,0.6054
silent_quality,200,0.6,0.05,6200026,True,1188,528,-660,True,0.5583,0.5083
silent_quality,200,0.6,0.05,6200027,True,460,917,457,False,0.6379,0.5879
silent_quality,200,0.6,0.05,6200028,True,147,523,376,False,0.7315,0.6815
silent_quality,200,0.6,0.05,6200029,False,,707,,True,0.4712,0.4212
silent_quality,200,0.6,0.08,6200000,True,1785,978,-807,True,0.5566,0.4766
silent_quality,200,0.6,0.08,6200001,True,136,991,855,False,0.7084,0.6284
silent_quality,200,0.6,0.08,6200002,False,,561,,True,0.5803,0.5003
silent_quality,200,0.6,0.08,6200003,True,391,607,216,False,0.6665,0.5865
silent_quality,200,0.6,0.08,6200004,True,114,,,,0.8052,0.7252
silent_quality,200,0.6,0.08,6200005,True,571,522,-49,True,0.7160,0.6360
silent_quality,200,0.6,0.08,6200006,True,745,523,-222,True,0.5893,0.5093
silent_quality,200,0.6,0.08,6200007,True,1036,536,-500,True,0.6179,0.5379
silent_quality,200,0.6,0.08,6200008,True,628,519,-109,True,0.6906,0.6106
silent_quality,200,0.6,0.08,6200009,False,,1272,,True,0.5495,0.4695
silent_quality,200,0.6,0.08,6200010,False,,540,,True,0.5003,0.4203
silent_quality,200,0.6,0.08,6200011,True,556,560,4,False,0.6800,0.6000
silent_quality,200,0.6,0.08,6200012,True,619,831,212,False,0.6828,0.6028
silent_quality,200,0.6,0.08,6200013,True,727,653,-74,True,0.7133,0.6333
silent_quality,200,0.6,0.08,6200014,False,,766,,True,0.4635,0.3835
silent_quality,200,0.6,0.08,6200015,False,,535,,True,0.5745,0.4945
silent_quality,200,0.6,0.08,6200016,False,,618,,True,0.3744,0.2944
silent_quality,200,0.6,0.08,6200017,True,303,535,232,False,0.7420,0.6620
silent_quality,200,0.6,0.08,6200018,False,,703,,True,0.5959,0.5159
silent_quality,200,0.6,0.08,6200019,True,96,553,457,False,0.8909,0.8109
silent_quality,200,0.6,0.08,6200020,False,,,,,0.4482,0.3682
silent_quality,200,0.6,0.08,6200021,False,,600,,True,0.4688,0.3888
silent_quality,200,0.6,0.08,6200022,True,295,529,234,False,0.7385,0.6585
silent_quality,200,0.6,0.08,6200023,True,810,819,9,False,0.6521,0.5721
silent_quality,200,0.6,0.08,6200024,True,1616,525,-1091,True,0.6366,0.5566
silent_quality,200,0.6,0.08,6200025,True,865,552,-313,True,0.6554,0.5754
silent_quality,200,0.6,0.08,6200026,False,,528,,True,0.5583,0.4783
silent_quality,200,0.6,0.08,6200027,True,994,917,-77,True,0.6379,0.5579
silent_quality,200,0.6,0.08,6200028,True,152,523,371,False,0.7315,0.6515
silent_quality,200,0.6,0.08,6200029,False,,707,,True,0.4712,0.3912
silent_quality,200,0.6,0.1,6200000,False,,978,,True,0.5566,0.4566
silent_quality,200,0.6,0.1,6200001,True,141,991,850,False,0.7084,0.6084
silent_quality,200,0.6,0.1,6200002,False,,561,,True,0.5803,0.4803
silent_quality,200,0.6,0.1,6200003,False,,607,,True,0.6665,0.5665
silent_quality,200,0.6,0.1,6200004,True,177,,,,0.8052,0.7052
silent_quality,200,0.6,0.1,6200005,True,578,522,-56,True,0.7160,0.6160
silent_quality,200,0.6,0.1,6200006,True,1360,523,-837,True,0.5893,0.4893
silent_quality,200,0.6,0.1,6200007,True,1729,536,-1193,True,0.6179,0.5179
silent_quality,200,0.6,0.1,6200008,True,639,519,-120,True,0.6906,0.5906
silent_quality,200,0.6,0.1,6200009,False,,1272,,True,0.5495,0.4495
silent_quality,200,0.6,0.1,6200010,False,,540,,True,0.5003,0.4003
silent_quality,200,0.6,0.1,6200011,True,565,560,-5,True,0.6800,0.5800
silent_quality,200,0.6,0.1,6200012,True,996,831,-165,True,0.6828,0.5828
silent_quality,200,0.6,0.1,6200013,True,741,653,-88,True,0.7133,0.6133
silent_quality,200,0.6,0.1,6200014,False,,766,,True,0.4635,0.3635
silent_quality,200,0.6,0.1,6200015,False,,535,,True,0.5745,0.4745
silent_quality,200,0.6,0.1,6200016,False,,618,,True,0.3744,0.2744
silent_quality,200,0.6,0.1,6200017,True,328,535,207,False,0.7420,0.6420
silent_quality,200,0.6,0.1,6200018,False,,703,,True,0.5959,0.4959
silent_quality,200,0.6,0.1,6200019,True,98,553,455,False,0.8909,0.7909
silent_quality,200,0.6,0.1,6200020,False,,,,,0.4482,0.3482
silent_quality,200,0.6,0.1,6200021,False,,600,,True,0.4688,0.3688
silent_quality,200,0.6,0.1,6200022,True,324,529,205,False,0.7385,0.6385
silent_quality,200,0.6,0.1,6200023,True,816,819,3,False,0.6521,0.5521
silent_quality,200,0.6,0.1,6200024,True,1623,525,-1098,True,0.6366,0.5366
silent_quality,200,0.6,0.1,6200025,True,902,552,-350,True,0.6554,0.5554
silent_quality,200,0.6,0.1,6200026,False,,528,,True,0.5583,0.4583
silent_quality,200,0.6,0.1,6200027,True,1059,917,-142,True,0.6379,0.5379
silent_quality,200,0.6,0.1,6200028,True,156,523,367,False,0.7315,0.6315
silent_quality,200,0.6,0.1,6200029,False,,707,,True,0.4712,0.3712
silent_quality,200,0.75,0.02,7700000,True,195,659,464,False,0.8030,0.7830
silent_quality,200,0.75,0.02,7700001,True,166,1049,883,False,0.8469,0.8269
silent_quality,200,0.75,0.02,7700002,False,,963,,True,0.6347,0.6147
silent_quality,200,0.75,0.02,7700003,True,1090,1735,645,False,0.6687,0.6487
silent_quality,200,0.75,0.02,7700004,True,397,533,136,False,0.8106,0.7906
silent_quality,200,0.75,0.02,7700005,True,126,,,,0.8292,0.8092
silent_quality,200,0.75,0.02,7700006,True,377,591,214,False,0.8444,0.8244
silent_quality,200,0.75,0.02,7700007,True,98,927,829,False,0.8960,0.8760
silent_quality,200,0.75,0.02,7700008,True,121,523,402,False,0.8259,0.8059
silent_quality,200,0.75,0.02,7700009,True,725,662,-63,True,0.6982,0.6782
silent_quality,200,0.75,0.02,7700010,True,541,798,257,False,0.7437,0.7237
silent_quality,200,0.75,0.02,7700011,True,421,544,123,False,0.7870,0.7670
silent_quality,200,0.75,0.02,7700012,True,108,549,441,False,0.8674,0.8474
silent_quality,200,0.75,0.02,7700013,True,117,895,778,False,0.8184,0.7984
silent_quality,200,0.75,0.02,7700014,True,896,521,-375,True,0.6990,0.6790
silent_quality,200,0.75,0.02,7700015,True,674,661,-13,True,0.7187,0.6987
silent_quality,200,0.75,0.02,7700016,True,569,567,-2,True,0.7685,0.7485
silent_quality,200,0.75,0.02,7700017,True,163,678,515,False,0.8495,0.8295
silent_quality,200,0.75,0.02,7700018,True,241,555,314,False,0.7241,0.7041
silent_quality,200,0.75,0.02,7700019,True,582,592,10,False,0.7485,0.7285
silent_quality,200,0.75,0.02,7700020,True,592,580,-12,True,0.7911,0.7711
silent_quality,200,0.75,0.02,7700021,True,538,519,-19,True,0.7591,0.7391
silent_quality,200,0.75,0.02,7700022,True,685,692,7,False,0.7387,0.7187
silent_quality,200,0.75,0.02,7700023,True,246,,,,0.8614,0.8414
silent_quality,200,0.75,0.02,7700024,True,959,547,-412,True,0.6961,0.6761
silent_quality,200,0.75,0.02,7700025,True,82,892,810,False,0.9432,0.9232
silent_quality,200,0.75,0.02,7700026,True,746,740,-6,True,0.6777,0.6577
silent_quality,200,0.75,0.02,7700027,True,637,567,-70,True,0.6667,0.6467
silent_quality,200,0.75,0.02,7700028,True,564,529,-35,True,0.7403,0.7203
silent_quality,200,0.75,0.02,7700029,True,1272,624,-648,True,0.6947,0.6747
silent_quality,200,0.75,0.03,7700000,True,198,659,461,False,0.8030,0.7730
silent_quality,200,0.75,0.03,7700001,True,171,1049,878,False,0.8469,0.8169
silent_quality,200,0.75,0.03,7700002,False,,963,,True,0.6347,0.6047
silent_quality,200,0.75,0.03,7700003,True,1099,1735,636,False,0.6687,0.6387
silent_quality,200,0.75,0.03,7700004,True,407,533,126,False,0.8106,0.7806
silent_quality,200,0.75,0.03,7700005,True,128,,,,0.8292,0.7992
silent_quality,200,0.75,0.03,7700006,True,412,591,179,False,0.8444,0.8144
silent_quality,200,0.75,0.03,7700007,True,101,927,826,False,0.8960,0.8660
silent_quality,200,0.75,0.03,7700008,True,128,523,395,False,0.8259,0.7959
silent_quality,200,0.75,0.03,7700009,True,749,662,-87,True,0.6982,0.6682
silent_quality,200,0.75,0.03,7700010,True,782,798,16,False,0.7437,0.7137
silent_quality,200,0.75,0.03,7700011,True,428,544,116,False,0.7870,0.7570
silent_quality,200,0.75,0.03,7700012,True,111,549,438,False,0.8674,0.8374
silent_quality,200,0.75,0.03,7700013,True,151,895,744,False,0.8184,0.7884
silent_quality,200,0.75,0.03,7700014,True,899,521,-378,True,0.6990,0.6690
silent_quality,200,0.75,0.03,7700015,True,676,661,-15,True,0.7187,0.6887
silent_quality,200,0.75,0.03,7700016,True,571,567,-4,True,0.7685,0.7385
silent_quality,200,0.75,0.03,7700017,True,175,678,503,False,0.8495,0.8195
silent_quality,200,0.75,0.03,7700018,True,633,555,-78,True,0.7241,0.6941
silent_quality,200,0.75,0.03,7700019,True,585,592,7,False,0.7485,0.7185
silent_quality,200,0.75,0.03,7700020,True,596,580,-16,True,0.7911,0.7611
silent_quality,200,0.75,0.03,7700021,True,541,519,-22,True,0.7591,0.7291
silent_quality,200,0.75,0.03,7700022,True,689,692,3,False,0.7387,0.7087
silent_quality,200,0.75,0.03,7700023,True,253,,,,0.8614,0.8314
silent_quality,200,0.75,0.03,7700024,True,1035,547,-488,True,0.6961,0.6661
silent_quality,200,0.75,0.03,7700025,True,90,892,802,False,0.9432,0.9132
silent_quality,200,0.75,0.03,7700026,True,752,740,-12,True,0.6777,0.6477
silent_quality,200,0.75,0.03,7700027,True,638,567,-71,True,0.6667,0.6367
silent_quality,200,0.75,0.03,7700028,True,576,529,-47,True,0.7403,0.7103
silent_quality,200,0.75,0.03,7700029,True,1303,624,-679,True,0.6947,0.6647
silent_quality,200,0.75,0.05,7700000,True,207,659,452,False,0.8030,0.7530
silent_quality,200,0.75,0.05,7700001,True,192,1049,857,False,0.8469,0.7969
silent_quality,200,0.75,0.05,7700002,False,,963,,True,0.6347,0.5847
silent_quality,200,0.75,0.05,7700003,True,1751,1735,-16,True,0.6687,0.6187
silent_quality,200,0.75,0.05,7700004,True,515,533,18,False,0.8106,0.7606
silent_quality,200,0.75,0.05,7700005,True,129,,,,0.8292,0.7792
silent_quality,200,0.75,0.05,7700006,True,441,591,150,False,0.8444,0.7944
silent_quality,200,0.75,0.05,7700007,True,106,927,821,False,0.8960,0.8460
silent_quality,200,0.75,0.05,7700008,True,320,523,203,False,0.8259,0.7759
silent_quality,200,0.75,0.05,7700009,False,,662,,True,0.6982,0.6482
silent_quality,200,0.75,0.05,7700010,True,787,798,11,False,0.7437,0.6937
silent_quality,200,0.75,0.05,7700011,True,455,544,89,False,0.7870,0.7370
silent_quality,200,0.75,0.05,7700012,True,129,549,420,False,0.8674,0.8174
silent_quality,200,0.75,0.05,7700013,True,172,895,723,False,0.8184,0.7684
silent_quality,200,0.75,0.05,7700014,True,904,521,-383,True,0.6990,0.6490
silent_quality,200,0.75,0.05,7700015,True,682,661,-21,True,0.7187,0.6687
silent_quality,200,0.75,0.05,7700016,True,630,567,-63,True,0.7685,0.7185
silent_quality,200,0.75,0.05,7700017,True,187,678,491,False,0.8495,0.7995
silent_quality,200,0.75,0.05,7700018,True,639,555,-84,True,0.7241,0.6741
silent_quality,200,0.75,0.05,7700019,True,591,592,1,False,0.7485,0.6985
silent_quality,200,0.75,0.05,7700020,True,600,580,-20,True,0.7911,0.7411
silent_quality,200,0.75,0.05,7700021,True,548,519,-29,True,0.7591,0.7091
silent_quality,200,0.75,0.05,7700022,True,698,692,-6,True,0.7387,0.6887
silent_quality,200,0.75,0.05,7700023,True,282,,,,0.8614,0.8114
silent_quality,200,0.75,0.05,7700024,True,1494,547,-947,True,0.6961,0.6461
silent_quality,200,0.75,0.05,7700025,True,95,892,797,False,0.9432,0.8932
silent_quality,200,0.75,0.05,7700026,True,764,740,-24,True,0.6777,0.6277
silent_quality,200,0.75,0.05,7700027,False,,567,,True,0.6667,0.6167
silent_quality,200,0.75,0.05,7700028,True,601,529,-72,True,0.7403,0.6903
silent_quality,200,0.75,0.05,7700029,False,,624,,True,0.6947,0.6447
silent_quality,200,0.75,0.08,7700000,True,659,659,0,True,0.8030,0.7230
silent_quality,200,0.75,0.08,7700001,True,259,1049,790,False,0.8469,0.7669
silent_quality,200,0.75,0.08,7700002,False,,963,,True,0.6347,0.5547
silent_quality,200,0.75,0.08,7700003,False,,1735,,True,0.6687,0.5887
silent_quality,200,0.75,0.08,7700004,True,532,533,1,False,0.8106,0.7306
silent_quality,200,0.75,0.08,7700005,True,132,,,,0.8292,0.7492
silent_quality,200,0.75,0.08,7700006,True,466,591,125,False,0.8444,0.7644
silent_quality,200,0.75,0.08,7700007,True,125,927,802,False,0.8960,0.8160
silent_quality,200,0.75,0.08,7700008,True,336,523,187,False,0.8259,0.7459
silent_quality,200,0.75,0.08,7700009,False,,662,,True,0.6982,0.6182
silent_quality,200,0.75,0.08,7700010,True,792,798,6,False,0.7437,0.6637
silent_quality,200,0.75,0.08,7700011,True,552,544,-8,True,0.7870,0.7070
silent_quality,200,0.75,0.08,7700012,True,417,549,132,False,0.8674,0.7874
silent_quality,200,0.75,0.08,7700013,True,556,895,339,False,0.8184,0.7384
silent_quality,200,0.75,0.08,7700014,False,,521,,True,0.6990,0.6190
silent_quality,200,0.75,0.08,7700015,True,1219,661,-558,True,0.7187,0.6387
silent_quality,200,0.75,0.08,7700016,True,930,567,-363,True,0.7685,0.6885
silent_quality,200,0.75,0.08,7700017,True,272,678,406,False,0.8495,0.7695
silent_quality,200,0.75,0.08,7700018,True,644,555,-89,True,0.7241,0.6441
silent_quality,200,0.75,0.08,7700019,True,604,592,-12,True,0.7485,0.6685
silent_quality,200,0.75,0.08,7700020,True,614,580,-34,True,0.7911,0.7111
silent_quality,200,0.75,0.08,7700021,True,556,519,-37,True,0.7591,0.6791
silent_quality,200,0.75,0.08,7700022,True,884,692,-192,True,0.7387,0.6587
silent_quality,200,0.75,0.08,7700023,True,303,,,,0.8614,0.7814
silent_quality,200,0.75,0.08,7700024,False,,547,,True,0.6961,0.6161
silent_quality,200,0.75,0.08,7700025,True,158,892,734,False,0.9432,0.8632
silent_quality,200,0.75,0.08,7700026,False,,740,,True,0.6777,0.5977
silent_quality,200,0.75,0.08,7700027,False,,567,,True,0.6667,0.5867
silent_quality,200,0.75,0.08,7700028,False,,529,,True,0.7403,0.6603
silent_quality,200,0.75,0.08,7700029,False,,624,,True,0.6947,0.6147
silent_quality,200,0.75,0.1,7700000,True,1124,659,-465,True,0.8030,0.7030
silent_quality,200,0.75,0.1,7700001,True,372,1049,677,False,0.8469,0.7469
silent_quality,200,0.75,0.1,7700002,False,,963,,True,0.6347,0.5347
silent_quality,200,0.75,0.1,7700003,False,,1735,,True,0.6687,0.5687
silent_quality,200,0.75,0.1,7700004,True,537,533,-4,True,0.8106,0.7106
silent_quality,200,0.75,0.1,7700005,True,136,,,,0.8292,0.7292
silent_quality,200,0.75,0.1,7700006,True,479,591,112,False,0.8444,0.7444
silent_quality,200,0.75,0.1,7700007,True,131,927,796,False,0.8960,0.7960
silent_quality,200,0.75,0.1,7700008,True,541,523,-18,True,0.8259,0.7259
silent_quality,200,0.75,0.1,7700009,False,,662,,True,0.6982,0.5982
silent_quality,200,0.75,0.1,7700010,True,799,798,-1,True,0.7437,0.6437
silent_quality,200,0.75,0.1,7700011,True,578,544,-34,True,0.7870,0.6870
silent_quality,200,0.75,0.1,7700012,True,427,549,122,False,0.8674,0.7674
silent_quality,200,0.75,0.1,7700013,True,577,895,318,False,0.8184,0.7184
silent_quality,200,0.75,0.1,7700014,False,,521,,True,0.6990,0.5990
silent_quality,200,0.75,0.1,7700015,True,1230,661,-569,True,0.7187,0.6187
silent_quality,200,0.75,0.1,7700016,True,938,567,-371,True,0.7685,0.6685
silent_quality,200,0.75,0.1,7700017,True,285,678,393,False,0.8495,0.7495
silent_quality,200,0.75,0.1,7700018,True,647,555,-92,True,0.7241,0.6241
silent_quality,200,0.75,0.1,7700019,True,717,592,-125,True,0.7485,0.6485
silent_quality,200,0.75,0.1,7700020,True,621,580,-41,True,0.7911,0.6911
silent_quality,200,0.75,0.1,7700021,True,796,519,-277,True,0.7591,0.6591
silent_quality,200,0.75,0.1,7700022,False,,692,,True,0.7387,0.6387
silent_quality,200,0.75,0.1,7700023,True,397,,,,0.8614,0.7614
silent_quality,200,0.75,0.1,7700024,False,,547,,True,0.6961,0.5961
silent_quality,200,0.75,0.1,7700025,True,174,892,718,False,0.9432,0.8432
silent_quality,200,0.75,0.1,7700026,False,,740,,True,0.6777,0.5777
silent_quality,200,0.75,0.1,7700027,False,,567,,True,0.6667,0.5667
silent_quality,200,0.75,0.1,7700028,False,,529,,True,0.7403,0.6403
silent_quality,200,0.75,0.1,7700029,False,,624,,True,0.6947,0.5947
silent_quality,200,0.85,0.02,8700000,True,182,524,342,False,0.8971,0.8771
silent_quality,200,0.85,0.02,8700001,True,522,874,352,False,0.8515,0.8315
silent_quality,200,0.85,0.02,8700002,True,634,,,,0.7882,0.7682
silent_quality,200,0.85,0.02,8700003,False,,857,,True,0.7458,0.7258
silent_quality,200,0.85,0.02,8700004,True,174,599,425,False,0.8916,0.8716
silent_quality,200,0.85,0.02,8700005,True,557,546,-11,True,0.8588,0.8388
silent_quality,200,0.85,0.02,8700006,True,584,581,-3,True,0.8138,0.7938
silent_quality,200,0.85,0.02,8700007,True,588,571,-17,True,0.8319,0.8119
silent_quality,200,0.85,0.02,8700008,True,542,560,18,False,0.8134,0.7934
silent_quality,200,0.85,0.02,8700009,True,191,634,443,False,0.8934,0.8734
silent_quality,200,0.85,0.02,8700010,True,509,521,12,False,0.8450,0.8250
silent_quality,200,0.85,0.02,8700011,True,123,553,430,False,0.9260,0.9060
silent_quality,200,0.85,0.02,8700012,True,246,1150,904,False,0.8295,0.8095
silent_quality,200,0.85,0.02,8700013,True,768,752,-16,True,0.7936,0.7736
silent_quality,200,0.85,0.02,8700014,True,157,566,409,False,0.9436,0.9236
silent_quality,200,0.85,0.02,8700015,True,112,523,411,False,0.9025,0.8825
silent_quality,200,0.85,0.02,8700016,True,128,806,678,False,0.9198,0.8998
silent_quality,200,0.85,0.02,8700017,True,323,591,268,False,0.8760,0.8560
silent_quality,200,0.85,0.02,8700018,True,960,589,-371,True,0.7576,0.7376
silent_quality,200,0.85,0.02,8700019,True,621,617,-4,True,0.7709,0.7509
silent_quality,200,0.85,0.02,8700020,True,403,569,166,False,0.8833,0.8633
silent_quality,200,0.85,0.02,8700021,True,134,530,396,False,0.9041,0.8841
silent_quality,200,0.85,0.02,8700022,True,119,531,412,False,0.9298,0.9098
silent_quality,200,0.85,0.02,8700023,True,537,529,-8,True,0.8439,0.8239
silent_quality,200,0.85,0.02,8700024,True,544,776,232,False,0.8410,0.8210
silent_quality,200,0.85,0.02,8700025,False,,597,,True,0.6402,0.6202
silent_quality,200,0.85,0.02,8700026,True,274,676,402,False,0.8674,0.8474
silent_quality,200,0.85,0.02,8700027,True,127,544,417,False,0.9520,0.9320
silent_quality,200,0.85,0.02,8700028,True,674,685,11,False,0.8204,0.8004
silent_quality,200,0.85,0.02,8700029,True,111,567,456,False,0.9821,0.9621
silent_quality,200,0.85,0.03,8700000,True,189,524,335,False,0.8971,0.8671
silent_quality,200,0.85,0.03,8700001,True,529,874,345,False,0.8515,0.8215
silent_quality,200,0.85,0.03,8700002,True,1252,,,,0.7882,0.7582
silent_quality,200,0.85,0.03,8700003,False,,857,,True,0.7458,0.7158
silent_quality,200,0.85,0.03,8700004,True,180,599,419,False,0.8916,0.8616
silent_quality,200,0.85,0.03,8700005,True,558,546,-12,True,0.8588,0.8288
silent_quality,200,0.85,0.03,8700006,True,585,581,-4,True,0.8138,0.7838
silent_quality,200,0.85,0.03,8700007,True,592,571,-21,True,0.8319,0.8019
silent_quality,200,0.85,0.03,8700008,True,545,560,15,False,0.8134,0.7834
silent_quality,200,0.85,0.03,8700009,True,207,634,427,False,0.8934,0.8634
silent_quality,200,0.85,0.03,8700010,True,517,521,4,False,0.8450,0.8150
silent_quality,200,0.85,0.03,8700011,True,126,553,427,False,0.9260,0.8960
silent_quality,200,0.85,0.03,8700012,True,691,1150,459,False,0.8295,0.7995
silent_quality,200,0.85,0.03,8700013,True,773,752,-21,True,0.7936,0.7636
silent_quality,200,0.85,0.03,8700014,True,160,566,406,False,0.9436,0.9136
silent_quality,200,0.85,0.03,8700015,True,113,523,410,False,0.9025,0.8725
silent_quality,200,0.85,0.03,8700016,True,130,806,676,False,0.9198,0.8898
silent_quality,200,0.85,0.03,8700017,True,334,591,257,False,0.8760,0.8460
silent_quality,200,0.85,0.03,8700018,False,,589,,True,0.7576,0.7276
silent_quality,200,0.85,0.03,8700019,True,622,617,-5,True,0.7709,0.7409
silent_quality,200,0.85,0.03,8700020,True,415,569,154,False,0.8833,0.8533
silent_quality,200,0.85,0.03,8700021,True,214,530,316,False,0.9041,0.8741
silent_quality,200,0.85,0.03,8700022,True,125,531,406,False,0.9298,0.8998
silent_quality,200,0.85,0.03,8700023,True,537,529,-8,True,0.8439,0.8139
silent_quality,200,0.85,0.03,8700024,True,553,776,223,False,0.8410,0.8110
silent_quality,200,0.85,0.03,8700025,False,,597,,True,0.6402,0.6102
silent_quality,200,0.85,0.03,8700026,True,276,676,400,False,0.8674,0.8374
silent_quality,200,0.85,0.03,8700027,True,132,544,412,False,0.9520,0.9220
silent_quality,200,0.85,0.03,8700028,True,688,685,-3,True,0.8204,0.7904
silent_quality,200,0.85,0.03,8700029,True,112,567,455,False,0.9821,0.9521
silent_quality,200,0.85,0.05,8700000,True,244,524,280,False,0.8971,0.8471
silent_quality,200,0.85,0.05,8700001,True,541,874,333,False,0.8515,0.8015
silent_quality,200,0.85,0.05,8700002,False,,,,,0.7882,0.7382
silent_quality,200,0.85,0.05,8700003,False,,857,,True,0.7458,0.6958
silent_quality,200,0.85,0.05,8700004,True,444,599,155,False,0.8916,0.8416
silent_quality,200,0.85,0.05,8700005,True,562,546,-16,True,0.8588,0.8088
silent_quality,200,0.85,0.05,8700006,True,588,581,-7,True,0.8138,0.7638
silent_quality,200,0.85,0.05,8700007,True,687,571,-116,True,0.8319,0.7819
silent_quality,200,0.85,0.05,8700008,True,554,560,6,False,0.8134,0.7634
silent_quality,200,0.85,0.05,8700009,True,368,634,266,False,0.8934,0.8434
silent_quality,200,0.85,0.05,8700010,True,536,521,-15,True,0.8450,0.7950
silent_quality,200,0.85,0.05,8700011,True,134,553,419,False,0.9260,0.8760
silent_quality,200,0.85,0.05,8700012,True,1039,1150,111,False,0.8295,0.7795
silent_quality,200,0.85,0.05,8700013,True,1482,752,-730,True,0.7936,0.7436
silent_quality,200,0.85,0.05,8700014,True,166,566,400,False,0.9436,0.8936
silent_quality,200,0.85,0.05,8700015,True,120,523,403,False,0.9025,0.8525
silent_quality,200,0.85,0.05,8700016,True,188,806,618,False,0.9198,0.8698
silent_quality,200,0.85,0.05,8700017,True,524,591,67,False,0.8760,0.8260
silent_quality,200,0.85,0.05,8700018,False,,589,,True,0.7576,0.7076
silent_quality,200,0.85,0.05,8700019,True,624,617,-7,True,0.7709,0.7209
silent_quality,200,0.85,0.05,8700020,True,663,569,-94,True,0.8833,0.8333
silent_quality,200,0.85,0.05,8700021,True,237,530,293,False,0.9041,0.8541
silent_quality,200,0.85,0.05,8700022,True,142,531,389,False,0.9298,0.8798
silent_quality,200,0.85,0.05,8700023,True,539,529,-10,True,0.8439,0.7939
silent_quality,200,0.85,0.05,8700024,True,612,776,164,False,0.8410,0.7910
silent_quality,200,0.85,0.05,8700025,False,,597,,True,0.6402,0.5902
silent_quality,200,0.85,0.05,8700026,True,280,676,396,False,0.8674,0.8174
silent_quality,200,0.85,0.05,8700027,True,146,544,398,False,0.9520,0.9020
silent_quality,200,0.85,0.05,8700028,True,1365,685,-680,True,0.8204,0.7704
silent_quality,200,0.85,0.05,8700029,True,117,567,450,False,0.9821,0.9321
silent_quality,200,0.85,0.08,8700000,True,542,524,-18,True,0.8971,0.8171
silent_quality,200,0.85,0.08,8700001,True,575,874,299,False,0.8515,0.7715
silent_quality,200,0.85,0.08,8700002,False,,,,,0.7882,0.7082
silent_quality,200,0.85,0.08,8700003,False,,857,,True,0.7458,0.6658
silent_quality,200,0.85,0.08,8700004,True,843,599,-244,True,0.8916,0.8116
silent_quality,200,0.85,0.08,8700005,True,571,546,-25,True,0.8588,0.7788
silent_quality,200,0.85,0.08,8700006,True,1462,581,-881,True,0.8138,0.7338
silent_quality,200,0.85,0.08,8700007,True,969,571,-398,True,0.8319,0.7519
silent_quality,200,0.85,0.08,8700008,True,581,560,-21,True,0.8134,0.7334
silent_quality,200,0.85,0.08,8700009,True,555,634,79,False,0.8934,0.8134
silent_quality,200,0.85,0.08,8700010,True,621,521,-100,True,0.8450,0.7650
silent_quality,200,0.85,0.08,8700011,True,140,553,413,False,0.9260,0.8460
silent_quality,200,0.85,0.08,8700012,True,1078,1150,72,False,0.8295,0.7495
silent_quality,200,0.85,0.08,8700013,False,,752,,True,0.7936,0.7136
silent_quality,200,0.85,0.08,8700014,True,188,566,378,False,0.9436,0.8636
silent_quality,200,0.85,0.08,8700015,True,528,523,-5,True,0.9025,0.8225
silent_quality,200,0.85,0.08,8700016,True,373,806,433,False,0.9198,0.8398
silent_quality,200,0.85,0.08,8700017,True,789,591,-198,True,0.8760,0.7960
silent_quality,200,0.85,0.08,8700018,False,,589,,True,0.7576,0.6776
silent_quality,200,0.85,0.08,8700019,True,633,617,-16,True,0.7709,0.6909
silent_quality,200,0.85,0.08,8700020,True,697,569,-128,True,0.8833,0.8033
silent_quality,200,0.85,0.08,8700021,True,591,530,-61,True,0.9041,0.8241
silent_quality,200,0.85,0.08,8700022,True,220,531,311,False,0.9298,0.8498
silent_quality,200,0.85,0.08,8700023,True,544,529,-15,True,0.8439,0.7639
silent_quality,200,0.85,0.08,8700024,True,784,776,-8,True,0.8410,0.7610
silent_quality,200,0.85,0.08,8700025,False,,597,,True,0.6402,0.5602
silent_quality,200,0.85,0.08,8700026,True,704,676,-28,True,0.8674,0.7874
silent_quality,200,0.85,0.08,8700027,True,161,544,383,False,0.9520,0.8720
silent_quality,200,0.85,0.08,8700028,False,,685,,True,0.8204,0.7404
silent_quality,200,0.85,0.08,8700029,True,151,567,416,False,0.9821,0.9021
silent_quality,200,0.85,0.1,8700000,True,653,524,-129,True,0.8971,0.7971
silent_quality,200,0.85,0.1,8700001,True,875,874,-1,True,0.8515,0.7515
silent_quality,200,0.85,0.1,8700002,False,,,,,0.7882,0.6882
silent_quality,200,0.85,0.1,8700003,False,,857,,True,0.7458,0.6458
silent_quality,200,0.85,0.1,8700004,True,867,599,-268,True,0.8916,0.7916
silent_quality,200,0.85,0.1,8700005,True,618,546,-72,True,0.8588,0.7588
silent_quality,200,0.85,0.1,8700006,False,,581,,True,0.8138,0.7138
silent_quality,200,0.85,0.1,8700007,True,988,571,-417,True,0.8319,0.7319
silent_quality,200,0.85,0.1,8700008,True,613,560,-53,True,0.8134,0.7134
silent_quality,200,0.85,0.1,8700009,True,673,634,-39,True,0.8934,0.7934
silent_quality,200,0.85,0.1,8700010,True,727,521,-206,True,0.8450,0.7450
silent_quality,200,0.85,0.1,8700011,True,143,553,410,False,0.9260,0.8260
silent_quality,200,0.85,0.1,8700012,True,1145,1150,5,False,0.8295,0.7295
silent_quality,200,0.85,0.1,8700013,False,,752,,True,0.7936,0.6936
silent_quality,200,0.85,0.1,8700014,True,197,566,369,False,0.9436,0.8436
silent_quality,200,0.85,0.1,8700015,True,586,523,-63,True,0.9025,0.8025
silent_quality,200,0.85,0.1,8700016,True,405,806,401,False,0.9198,0.8198
silent_quality,200,0.85,0.1,8700017,True,796,591,-205,True,0.8760,0.7760
silent_quality,200,0.85,0.1,8700018,False,,589,,True,0.7576,0.6576
silent_quality,200,0.85,0.1,8700019,False,,617,,True,0.7709,0.6709
silent_quality,200,0.85,0.1,8700020,True,702,569,-133,True,0.8833,0.7833
silent_quality,200,0.85,0.1,8700021,True,713,530,-183,True,0.9041,0.8041
silent_quality,200,0.85,0.1,8700022,True,244,531,287,False,0.9298,0.8298
silent_quality,200,0.85,0.1,8700023,True,547,529,-18,True,0.8439,0.7439
silent_quality,200,0.85,0.1,8700024,True,1444,776,-668,True,0.8410,0.7410
silent_quality,200,0.85,0.1,8700025,False,,597,,True,0.6402,0.5402
silent_quality,200,0.85,0.1,8700026,True,766,676,-90,True,0.8674,0.7674
silent_quality,200,0.85,0.1,8700027,True,560,544,-16,True,0.9520,0.8520
silent_quality,200,0.85,0.1,8700028,False,,685,,True,0.8204,0.7204
silent_quality,200,0.85,0.1,8700029,True,180,567,387,False,0.9821,0.8821
control,50,0.6,0.02,6050000,False,,,,,0.6016,0.5816
control,50,0.6,0.02,6050001,False,,,,,0.4629,0.4429
control,50,0.6,0.02,6050002,False,,,,,0.6167,0.5967
control,50,0.6,0.02,6050003,True,79,,,,0.7276,0.7076
control,50,0.6,0.02,6050004,True,305,,,,0.6426,0.6226
control,50,0.6,0.02,6050005,True,82,,,,0.8262,0.8062
control,50,0.6,0.02,6050006,False,,,,,0.5716,0.5516
control,50,0.6,0.02,6050007,False,,,,,0.5735,0.5535
control,50,0.6,0.02,6050008,True,254,,,,0.6944,0.6744
control,50,0.6,0.02,6050009,False,,,,,0.6788,0.6588
control,50,0.6,0.02,6050010,True,89,,,,0.7048,0.6848
control,50,0.6,0.02,6050011,True,143,,,,0.6626,0.6426
control,50,0.6,0.02,6050012,True,100,,,,0.7021,0.6821
control,50,0.6,0.02,6050013,True,97,,,,0.7895,0.7695
control,50,0.6,0.02,6050014,False,,,,,0.6080,0.5880
control,50,0.6,0.02,6050015,True,444,,,,0.6324,0.6124
control,50,0.6,0.02,6050016,True,138,,,,0.7559,0.7359
control,50,0.6,0.02,6050017,True,111,,,,0.6978,0.6778
control,50,0.6,0.02,6050018,True,82,,,,0.9287,0.9087
control,50,0.6,0.02,6050019,True,129,,,,0.7225,0.7025
control,50,0.6,0.02,6050020,False,,,,,0.4925,0.4725
control,50,0.6,0.02,6050021,True,489,,,,0.6662,0.6462
control,50,0.6,0.02,6050022,False,,,,,0.5535,0.5335
control,50,0.6,0.02,6050023,True,229,,,,0.6161,0.5961
control,50,0.6,0.02,6050024,False,,,,,0.5692,0.5492
control,50,0.6,0.02,6050025,True,207,,,,0.6961,0.6761
control,50,0.6,0.02,6050026,False,,,,,0.6669,0.6469
control,50,0.6,0.02,6050027,True,111,,,,0.7543,0.7343
control,50,0.6,0.02,6050028,True,76,,,,0.8135,0.7935
control,50,0.6,0.02,6050029,True,89,,,,0.6932,0.6732
control,50,0.6,0.03,6050000,False,,,,,0.6016,0.5716
control,50,0.6,0.03,6050001,False,,,,,0.4629,0.4329
control,50,0.6,0.03,6050002,False,,,,,0.6167,0.5867
control,50,0.6,0.03,6050003,True,80,,,,0.7276,0.6976
control,50,0.6,0.03,6050004,False,,,,,0.6426,0.6126
control,50,0.6,0.03,6050005,True,83,,,,0.8262,0.7962
control,50,0.6,0.03,6050006,False,,,,,0.5716,0.5416
control,50,0.6,0.03,6050007,False,,,,,0.5735,0.5435
control,50,0.6,0.03,6050008,True,268,,,,0.6944,0.6644
control,50,0.6,0.03,6050009,False,,,,,0.6788,0.6488
control,50,0.6,0.03,6050010,True,93,,,,0.7048,0.6748
control,50,0.6,0.03,6050011,True,148,,,,0.6626,0.6326
control,50,0.6,0.03,6050012,True,104,,,,0.7021,0.6721
control,50,0.6,0.03,6050013,True,99,,,,0.7895,0.7595
control,50,0.6,0.03,6050014,False,,,,,0.6080,0.5780
control,50,0.6,0.03,6050015,True,451,,,,0.6324,0.6024
control,50,0.6,0.03,6050016,True,141,,,,0.7559,0.7259
control,50,0.6,0.03,6050017,True,301,,,,0.6978,0.6678
control,50,0.6,0.03,6050018,True,84,,,,0.9287,0.8987
control,50,0.6,0.03,6050019,True,131,,,,0.7225,0.6925
control,50,0.6,0.03,6050020,False,,,,,0.4925,0.4625
control,50,0.6,0.03,6050021,True,490,,,,0.6662,0.6362
control,50,0.6,0.03,6050022,False,,,,,0.5535,0.5235
control,50,0.6,0.03,6050023,False,,,,,0.6161,0.5861
control,50,0.6,0.03,6050024,False,,,,,0.5692,0.5392
control,50,0.6,0.03,6050025,True,210,,,,0.6961,0.6661
control,50,0.6,0.03,6050026,False,,,,,0.6669,0.6369
control,50,0.6,0.03,6050027,True,120,,,,0.7543,0.7243
control,50,0.6,0.03,6050028,True,76,,,,0.8135,0.7835
control,50,0.6,0.03,6050029,True,90,,,,0.6932,0.6632
control,50,0.6,0.05,6050000,False,,,,,0.6016,0.5516
control,50,0.6,0.05,6050001,False,,,,,0.4629,0.4129
control,50,0.6,0.05,6050002,False,,,,,0.6167,0.5667
control,50,0.6,0.05,6050003,True,82,,,,0.7276,0.6776
control,50,0.6,0.05,6050004,False,,,,,0.6426,0.5926
control,50,0.6,0.05,6050005,True,89,,,,0.8262,0.7762
control,50,0.6,0.05,6050006,False,,,,,0.5716,0.5216
control,50,0.6,0.05,6050007,False,,,,,0.5735,0.5235
control,50,0.6,0.05,6050008,False,,,,,0.6944,0.6444
control,50,0.6,0.05,6050009,False,,,,,0.6788,0.6288
control,50,0.6,0.05,6050010,True,109,,,,0.7048,0.6548
control,50,0.6,0.05,6050011,True,161,,,,0.6626,0.6126
control,50,0.6,0.05,6050012,True,338,,,,0.7021,0.6521
control,50,0.6,0.05,6050013,True,104,,,,0.7895,0.7395
control,50,0.6,0.05,6050014,False,,,,,0.6080,0.5580
control,50,0.6,0.05,6050015,False,,,,,0.6324,0.5824
control,50,0.6,0.05,6050016,True,147,,,,0.7559,0.7059
control,50,0.6,0.05,6050017,True,304,,,,0.6978,0.6478
control,50,0.6,0.05,6050018,True,92,,,,0.9287,0.8787
control,50,0.6,0.05,6050019,True,141,,,,0.7225,0.6725
control,50,0.6,0.05,6050020,False,,,,,0.4925,0.4425
control,50,0.6,0.05,6050021,True,495,,,,0.6662,0.6162
control,50,0.6,0.05,6050022,False,,,,,0.5535,0.5035
control,50,0.6,0.05,6050023,False,,,,,0.6161,0.5661
control,50,0.6,0.05,6050024,False,,,,,0.5692,0.5192
control,50,0.6,0.05,6050025,True,227,,,,0.6961,0.6461
control,50,0.6,0.05,6050026,False,,,,,0.6669,0.6169
control,50,0.6,0.05,6050027,True,150,,,,0.7543,0.7043
control,50,0.6,0.05,6050028,True,78,,,,0.8135,0.7635
control,50,0.6,0.05,6050029,True,93,,,,0.6932,0.6432
control,50,0.6,0.08,6050000,False,,,,,0.6016,0.5216
control,50,0.6,0.08,6050001,False,,,,,0.4629,0.3829
control,50,0.6,0.08,6050002,False,,,,,0.6167,0.5367
control,50,0.6,0.08,6050003,False,,,,,0.7276,0.6476
control,50,0.6,0.08,6050004,False,,,,,0.6426,0.5626
control,50,0.6,0.08,6050005,True,99,,,,0.8262,0.7462
control,50,0.6,0.08,6050006,False,,,,,0.5716,0.4916
control,50,0.6,0.08,6050007,False,,,,,0.5735,0.4935
control,50,0.6,0.08,6050008,False,,,,,0.6944,0.6144
control,50,0.6,0.08,6050009,False,,,,,0.6788,0.5988
control,50,0.6,0.08,6050010,False,,,,,0.7048,0.6248
control,50,0.6,0.08,6050011,False,,,,,0.6626,0.5826
control,50,0.6,0.08,6050012,False,,,,,0.7021,0.6221
control,50,0.6,0.08,6050013,True,127,,,,0.7895,0.7095
control,50,0.6,0.08,6050014,False,,,,,0.6080,0.5280
control,50,0.6,0.08,6050015,False,,,,,0.6324,0.5524
control,50,0.6,0.08,6050016,True,160,,,,0.7559,0.6759
control,50,0.6,0.08,6050017,True,322,,,,0.6978,0.6178
control,50,0.6,0.08,6050018,True,99,,,,0.9287,0.8487
control,50,0.6,0.08,6050019,True,236,,,,0.7225,0.6425
control,50,0.6,0.08,6050020,False,,,,,0.4925,0.4125
control,50,0.6,0.08,6050021,False,,,,,0.6662,0.5862
control,50,0.6,0.08,6050022,False,,,,,0.5535,0.4735
control,50,0.6,0.08,6050023,False,,,,,0.6161,0.5361
control,50,0.6,0.08,6050024,False,,,,,0.5692,0.4892
control,50,0.6,0.08,6050025,False,,,,,0.6961,0.6161
control,50,0.6,0.08,6050026,False,,,,,0.6669,0.5869
control,50,0.6,0.08,6050027,True,232,,,,0.7543,0.6743
control,50,0.6,0.08,6050028,True,83,,,,0.8135,0.7335
control,50,0.6,0.08,6050029,True,102,,,,0.6932,0.6132
control,50,0.6,0.1,6050000,False,,,,,0.6016,0.5016
control,50,0.6,0.1,6050001,False,,,,,0.4629,0.3629
control,50,0.6,0.1,6050002,False,,,,,0.6167,0.5167
control,50,0.6,0.1,6050003,False,,,,,0.7276,0.6276
control,50,0.6,0.1,6050004,False,,,,,0.6426,0.5426
control,50,0.6,0.1,6050005,True,115,,,,0.8262,0.7262
control,50,0.6,0.1,6050006,False,,,,,0.5716,0.4716
control,50,0.6,0.1,6050007,False,,,,,0.5735,0.4735
control,50,0.6,0.1,6050008,False,,,,,0.6944,0.5944
control,50,0.6,0.1,6050009,False,,,,,0.6788,0.5788
control,50,0.6,0.1,6050010,False,,,,,0.7048,0.6048
control,50,0.6,0.1,6050011,False,,,,,0.6626,0.5626
control,50,0.6,0.1,6050012,False,,,,,0.7021,0.6021
control,50,0.6,0.1,6050013,True,236,,,,0.7895,0.6895
control,50,0.6,0.1,6050014,False,,,,,0.6080,0.5080
control,50,0.6,0.1,6050015,False,,,,,0.6324,0.5324
control,50,0.6,0.1,6050016,True,166,,,,0.7559,0.6559
control,50,0.6,0.1,6050017,False,,,,,0.6978,0.5978
control,50,0.6,0.1,6050018,True,105,,,,0.9287,0.8287
control,50,0.6,0.1,6050019,True,330,,,,0.7225,0.6225
control,50,0.6,0.1,6050020,False,,,,,0.4925,0.3925
control,50,0.6,0.1,6050021,False,,,,,0.6662,0.5662
control,50,0.6,0.1,6050022,False,,,,,0.5535,0.4535
control,50,0.6,0.1,6050023,False,,,,,0.6161,0.5161
control,50,0.6,0.1,6050024,False,,,,,0.5692,0.4692
control,50,0.6,0.1,6050025,False,,,,,0.6961,0.5961
control,50,0.6,0.1,6050026,False,,,,,0.6669,0.5669
control,50,0.6,0.1,6050027,True,283,,,,0.7543,0.6543
control,50,0.6,0.1,6050028,True,85,,,,0.8135,0.7135
control,50,0.6,0.1,6050029,False,,,,,0.6932,0.5932
control,50,0.75,0.02,7550000,True,75,,,,0.8446,0.8246
control,50,0.75,0.02,7550001,False,,,,,0.7402,0.7202
control,50,0.75,0.02,7550002,False,,,,,0.5842,0.5642
control,50,0.75,0.02,7550003,True,119,,,,0.8629,0.8429
control,50,0.75,0.02,7550004,True,104,,,,0.8535,0.8335
control,50,0.75,0.02,7550005,True,154,,,,0.8717,0.8517
control,50,0.75,0.02,7550006,False,,,,,0.7198,0.6998
control,50,0.75,0.02,7550007,True,135,,,,0.7568,0.7368
control,50,0.75,0.02,7550008,True,339,,,,0.7919,0.7719
control,50,0.75,0.02,7550009,False,,,,,0.6960,0.6760
control,50,0.75,0.02,7550010,True,119,,,,0.8224,0.8024
control,50,0.75,0.02,7550011,True,189,,,,0.7995,0.7795
control,50,0.75,0.02,7550012,False,,,,,0.6962,0.6762
control,50,0.75,0.02,7550013,False,,,,,0.6162,0.5962
control,50,0.75,0.02,7550014,True,136,,,,0.8504,0.8304
control,50,0.75,0.02,7550015,False,,,,,0.6690,0.6490
control,50,0.75,0.02,7550016,True,253,,,,0.8415,0.8215
control,50,0.75,0.02,7550017,True,138,,,,0.8909,0.8709
control,50,0.75,0.02,7550018,False,,,,,0.6972,0.6772
control,50,0.75,0.02,7550019,False,,,,,0.7282,0.7082
control,50,0.75,0.02,7550020,False,,,,,0.6333,0.6133
control,50,0.75,0.02,7550021,True,104,,,,0.9114,0.8914
control,50,0.75,0.02,7550022,False,,,,,0.7377,0.7177
control,50,0.75,0.02,7550023,True,221,,,,0.8218,0.8018
control,50,0.75,0.02,7550024,True,116,,,,0.8561,0.8361
control,50,0.75,0.02,7550025,False,,,,,0.6085,0.5885
control,50,0.75,0.02,7550026,True,87,,,,0.9014,0.8814
control,50,0.75,0.02,7550027,True,180,,,,0.8357,0.8157
control,50,0.75,0.02,7550028,False,,,,,0.5698,0.5498
control,50,0.75,0.02,7550029,False,,,,,0.6911,0.6711
control,50,0.75,0.03,7550000,True,75,,,,0.8446,0.8146
control,50,0.75,0.03,7550001,False,,,,,0.7402,0.7102
control,50,0.75,0.03,7550002,False,,,,,0.5842,0.5542
control,50,0.75,0.03,7550003,True,148,,,,0.8629,0.8329
control,50,0.75,0.03,7550004,True,107,,,,0.8535,0.8235
control,50,0.75,0.03,7550005,True,161,,,,0.8717,0.8417
control,50,0.75,0.03,7550006,False,,,,,0.7198,0.6898
control,50,0.75,0.03,7550007,False,,,,,0.7568,0.7268
control,50,0.75,0.03,7550008,False,,,,,0.7919,0.7619
control,50,0.75,0.03,7550009,False,,,,,0.6960,0.6660
control,50,0.75,0.03,7550010,True,122,,,,0.8224,0.7924
control,50,0.75,0.03,7550011,True,225,,,,0.7995,0.7695
control,50,0.75,0.03,7550012,False,,,,,0.6962,0.6662
control,50,0.75,0.03,7550013,False,,,,,0.6162,0.5862
control,50,0.75,0.03,7550014,True,140,,,,0.8504,0.8204
control,50,0.75,0.03,7550015,False,,,,,0.6690,0.6390
control,50,0.75,0.03,7550016,True,276,,,,0.8415,0.8115
control,50,0.75,0.03,7550017,True,174,,,,0.8909,0.8609
control,50,0.75,0.03,7550018,False,,,,,0.6972,0.6672
control,50,0.75,0.03,7550019,False,,,,,0.7282,0.6982
control,50,0.75,0.03,7550020,False,,,,,0.6333,0.6033
control,50,0.75,0.03,7550021,True,107,,,,0.9114,0.8814
control,50,0.75,0.03,7550022,False,,,,,0.7377,0.7077
control,50,0.75,0.03,7550023,True,223,,,,0.8218,0.7918
control,50,0.75,0.03,7550024,True,126,,,,0.8561,0.8261
control,50,0.75,0.03,7550025,False,,,,,0.6085,0.5785
control,50,0.75,0.03,7550026,True,89,,,,0.9014,0.8714
control,50,0.75,0.03,7550027,True,187,,,,0.8357,0.8057
control,50,0.75,0.03,7550028,False,,,,,0.5698,0.5398
control,50,0.75,0.03,7550029,False,,,,,0.6911,0.6611
control,50,0.75,0.05,7550000,True,76,,,,0.8446,0.7946
control,50,0.75,0.05,7550001,False,,,,,0.7402,0.6902
control,50,0.75,0.05,7550002,False,,,,,0.5842,0.5342
control,50,0.75,0.05,7550003,True,271,,,,0.8629,0.8129
control,50,0.75,0.05,7550004,True,112,,,,0.8535,0.8035
control,50,0.75,0.05,7550005,True,180,,,,0.8717,0.8217
control,50,0.75,0.05,7550006,False,,,,,0.7198,0.6698
control,50,0.75,0.05,7550007,False,,,,,0.7568,0.7068
control,50,0.75,0.05,7550008,False,,,,,0.7919,0.7419
control,50,0.75,0.05,7550009,False,,,,,0.6960,0.6460
control,50,0.75,0.05,7550010,True,368,,,,0.8224,0.7724
control,50,0.75,0.05,7550011,False,,,,,0.7995,0.7495
control,50,0.75,0.05,7550012,False,,,,,0.6962,0.6462
control,50,0.75,0.05,7550013,False,,,,,0.6162,0.5662
control,50,0.75,0.05,7550014,True,179,,,,0.8504,0.8004
control,50,0.75,0.05,7550015,False,,,,,0.6690,0.6190
control,50,0.75,0.05,7550016,True,290,,,,0.8415,0.7915
control,50,0.75,0.05,7550017,True,201,,,,0.8909,0.8409
control,50,0.75,0.05,7550018,False,,,,,0.6972,0.6472
control,50,0.75,0.05,7550019,False,,,,,0.7282,0.6782
control,50,0.75,0.05,7550020,False,,,,,0.6333,0.5833
control,50,0.75,0.05,7550021,True,115,,,,0.9114,0.8614
control,50,0.75,0.05,7550022,False,,,,,0.7377,0.6877
control,50,0.75,0.05,7550023,True,299,,,,0.8218,0.7718
control,50,0.75,0.05,7550024,True,368,,,,0.8561,0.8061
control,50,0.75,0.05,7550025,False,,,,,0.6085,0.5585
control,50,0.75,0.05,7550026,True,93,,,,0.9014,0.8514
control,50,0.75,0.05,7550027,True,197,,,,0.8357,0.7857
control,50,0.75,0.05,7550028,False,,,,,0.5698,0.5198
control,50,0.75,0.05,7550029,False,,,,,0.6911,0.6411
control,50,0.75,0.08,7550000,True,79,,,,0.8446,0.7646
control,50,0.75,0.08,7550001,False,,,,,0.7402,0.6602
control,50,0.75,0.08,7550002,False,,,,,0.5842,0.5042
control,50,0.75,0.08,7550003,True,408,,,,0.8629,0.7829
control,50,0.75,0.08,7550004,True,118,,,,0.8535,0.7735
control,50,0.75,0.08,7550005,True,188,,,,0.8717,0.7917
control,50,0.75,0.08,7550006,False,,,,,0.7198,0.6398
control,50,0.75,0.08,7550007,False,,,,,0.7568,0.6768
control,50,0.75,0.08,7550008,False,,,,,0.7919,0.7119
control,50,0.75,0.08,7550009,False,,,,,0.6960,0.6160
control,50,0.75,0.08,7550010,False,,,,,0.8224,0.7424
control,50,0.75,0.08,7550011,False,,,,,0.7995,0.7195
control,50,0.75,0.08,7550012,False,,,,,0.6962,0.6162
control,50,0.75,0.08,7550013,False,,,,,0.6162,0.5362
control,50,0.75,0.08,7550014,True,202,,,,0.8504,0.7704
control,50,0.75,0.08,7550015,False,,,,,0.6690,0.5890
control,50,0.75,0.08,7550016,False,,,,,0.8415,0.7615
control,50,0.75,0.08,7550017,True,249,,,,0.8909,0.8109
control,50,0.75,0.08,7550018,False,,,,,0.6972,0.6172
control,50,0.75,0.08,7550019,False,,,,,0.7282,0.6482
control,50,0.75,0.08,7550020,False,,,,,0.6333,0.5533
control,50,0.75,0.08,7550021,True,128,,,,0.9114,0.8314
control,50,0.75,0.08,7550022,False,,,,,0.7377,0.6577
control,50,0.75,0.08,7550023,False,,,,,0.8218,0.7418
control,50,0.75,0.08,7550024,True,472,,,,0.8561,0.7761
control,50,0.75,0.08,7550025,False,,,,,0.6085,0.5285
control,50,0.75,0.08,7550026,True,99,,,,0.9014,0.8214
control,50,0.75,0.08,7550027,False,,,,,0.8357,0.7557
control,50,0.75,0.08,7550028,False,,,,,0.5698,0.4898
control,50,0.75,0.08,7550029,False,,,,,0.6911,0.6111
control,50,0.75,0.1,7550000,True,81,,,,0.8446,0.7446
control,50,0.75,0.1,7550001,False,,,,,0.7402,0.6402
control,50,0.75,0.1,7550002,False,,,,,0.5842,0.4842
control,50,0.75,0.1,7550003,False,,,,,0.8629,0.7629
control,50,0.75,0.1,7550004,True,125,,,,0.8535,0.7535
control,50,0.75,0.1,7550005,True,194,,,,0.8717,0.7717
control,50,0.75,0.1,7550006,False,,,,,0.7198,0.6198
control,50,0.75,0.1,7550007,False,,,,,0.7568,0.6568
control,50,0.75,0.1,7550008,False,,,,,0.7919,0.6919
control,50,0.75,0.1,7550009,False,,,,,0.6960,0.5960
control,50,0.75,0.1,7550010,False,,,,,0.8224,0.7224
control,50,0.75,0.1,7550011,False,,,,,0.7995,0.6995
control,50,0.75,0.1,7550012,False,,,,,0.6962,0.5962
control,50,0.75,0.1,7550013,False,,,,,0.6162,0.5162
control,50,0.75,0.1,7550014,True,214,,,,0.8504,0.7504
control,50,0.75,0.1,7550015,False,,,,,0.6690,0.5690
control,50,0.75,0.1,7550016,False,,,,,0.8415,0.7415
control,50,0.75,0.1,7550017,True,288,,,,0.8909,0.7909
control,50,0.75,0.1,7550018,False,,,,,0.6972,0.5972
control,50,0.75,0.1,7550019,False,,,,,0.7282,0.6282
control,50,0.75,0.1,7550020,False,,,,,0.6333,0.5333
control,50,0.75,0.1,7550021,True,132,,,,0.9114,0.8114
control,50,0.75,0.1,7550022,False,,,,,0.7377,0.6377
control,50,0.75,0.1,7550023,False,,,,,0.8218,0.7218
control,50,0.75,0.1,7550024,True,477,,,,0.8561,0.7561
control,50,0.75,0.1,7550025,False,,,,,0.6085,0.5085
control,50,0.75,0.1,7550026,True,104,,,,0.9014,0.8014
control,50,0.75,0.1,7550027,False,,,,,0.8357,0.7357
control,50,0.75,0.1,7550028,False,,,,,0.5698,0.4698
control,50,0.75,0.1,7550029,False,,,,,0.6911,0.5911
control,50,0.85,0.02,8550000,True,216,,,,0.9091,0.8891
control,50,0.85,0.02,8550001,True,107,,,,0.8902,0.8702
control,50,0.85,0.02,8550002,True,193,,,,0.8405,0.8205
control,50,0.85,0.02,8550003,False,,,,,0.8222,0.8022
control,50,0.85,0.02,8550004,False,,,,,0.8161,0.7961
control,50,0.85,0.02,8550005,True,85,,,,0.9568,0.9368
control,50,0.85,0.02,8550006,False,,,,,0.8032,0.7832
control,50,0.85,0.02,8550007,True,242,,,,0.8792,0.8592
control,50,0.85,0.02,8550008,True,99,,,,0.9224,0.9024
control,50,0.85,0.02,8550009,False,,,,,0.7873,0.7673
control,50,0.85,0.02,8550010,False,,,,,0.8022,0.7822
control,50,0.85,0.02,8550011,False,,,,,0.8610,0.8410
control,50,0.85,0.02,8550012,False,,,,,0.7048,0.6848
control,50,0.85,0.02,8550013,True,101,,,,0.9447,0.9247
control,50,0.85,0.02,8550014,True,171,,,,0.8478,0.8278
control,50,0.85,0.02,8550015,True,357,,,,0.8855,0.8655
control,50,0.85,0.02,8550016,False,,,,,0.7298,0.7098
control,50,0.85,0.02,8550017,True,132,,,,0.8507,0.8307
control,50,0.85,0.02,8550018,False,,,,,0.7293,0.7093
control,50,0.85,0.02,8550019,False,,,,,0.7840,0.7640
control,50,0.85,0.02,8550020,False,,,,,0.8473,0.8273
control,50,0.85,0.02,8550021,False,,,,,0.8342,0.8142
control,50,0.85,0.02,8550022,False,,,,,0.8709,0.8509
control,50,0.85,0.02,8550023,False,,,,,0.7569,0.7369
control,50,0.85,0.02,8550024,True,162,,,,0.9032,0.8832
control,50,0.85,0.02,8550025,False,,,,,0.8044,0.7844
control,50,0.85,0.02,8550026,False,,,,,0.7958,0.7758
control,50,0.85,0.02,8550027,False,,,,,0.7677,0.7477
control,50,0.85,0.02,8550028,True,158,,,,0.9443,0.9243
control,50,0.85,0.02,8550029,True,125,,,,0.9433,0.9233
control,50,0.85,0.03,8550000,True,222,,,,0.9091,0.8791
control,50,0.85,0.03,8550001,True,112,,,,0.8902,0.8602
control,50,0.85,0.03,8550002,True,203,,,,0.8405,0.8105
control,50,0.85,0.03,8550003,False,,,,,0.8222,0.7922
control,50,0.85,0.03,8550004,False,,,,,0.8161,0.7861
control,50,0.85,0.03,8550005,True,87,,,,0.9568,0.9268
control,50,0.85,0.03,8550006,False,,,,,0.8032,0.7732
control,50,0.85,0.03,8550007,True,244,,,,0.8792,0.8492
control,50,0.85,0.03,8550008,True,101,,,,0.9224,0.8924
control,50,0.85,0.03,8550009,False,,,,,0.7873,0.7573
control,50,0.85,0.03,8550010,False,,,,,0.8022,0.7722
control,50,0.85,0.03,8550011,False,,,,,0.8610,0.8310
control,50,0.85,0.03,8550012,False,,,,,0.7048,0.6748
control,50,0.85,0.03,8550013,True,107,,,,0.9447,0.9147
control,50,0.85,0.03,8550014,False,,,,,0.8478,0.8178
control,50,0.85,0.03,8550015,True,394,,,,0.8855,0.8555
control,50,0.85,0.03,8550016,False,,,,,0.7298,0.6998
control,50,0.85,0.03,8550017,True,427,,,,0.8507,0.8207
control,50,0.85,0.03,8550018,False,,,,,0.7293,0.6993
control,50,0.85,0.03,8550019,False,,,,,0.7840,0.7540
control,50,0.85,0.03,8550020,False,,,,,0.8473,0.8173
control,50,0.85,0.03,8550021,False,,,,,0.8342,0.8042
control,50,0.85,0.03,8550022,False,,,,,0.8709,0.8409
control,50,0.85,0.03,8550023,False,,,,,0.7569,0.7269
control,50,0.85,0.03,8550024,True,166,,,,0.9032,0.8732
control,50,0.85,0.03,8550025,False,,,,,0.8044,0.7744
control,50,0.85,0.03,8550026,False,,,,,0.7958,0.7658
control,50,0.85,0.03,8550027,False,,,,,0.7677,0.7377
control,50,0.85,0.03,8550028,True,193,,,,0.9443,0.9143
control,50,0.85,0.03,8550029,True,130,,,,0.9433,0.9133
control,50,0.85,0.05,8550000,True,266,,,,0.9091,0.8591
control,50,0.85,0.05,8550001,True,414,,,,0.8902,0.8402
control,50,0.85,0.05,8550002,False,,,,,0.8405,0.7905
control,50,0.85,0.05,8550003,False,,,,,0.8222,0.7722
control,50,0.85,0.05,8550004,False,,,,,0.8161,0.7661
control,50,0.85,0.05,8550005,True,95,,,,0.9568,0.9068
control,50,0.85,0.05,8550006,False,,,,,0.8032,0.7532
control,50,0.85,0.05,8550007,True,254,,,,0.8792,0.8292
control,50,0.85,0.05,8550008,True,116,,,,0.9224,0.8724
control,50,0.85,0.05,8550009,False,,,,,0.7873,0.7373
control,50,0.85,0.05,8550010,False,,,,,0.8022,0.7522
control,50,0.85,0.05,8550011,False,,,,,0.8610,0.8110
control,50,0.85,0.05,8550012,False,,,,,0.7048,0.6548
control,50,0.85,0.05,8550013,True,144,,,,0.9447,0.8947
control,50,0.85,0.05,8550014,False,,,,,0.8478,0.7978
control,50,0.85,0.05,8550015,True,492,,,,0.8855,0.8355
control,50,0.85,0.05,8550016,False,,,,,0.7298,0.6798
control,50,0.85,0.05,8550017,True,436,,,,0.8507,0.8007
control,50,0.85,0.05,8550018,False,,,,,0.7293,0.6793
control,50,0.85,0.05,8550019,False,,,,,0.7840,0.7340
control,50,0.85,0.05,8550020,False,,,,,0.8473,0.7973
control,50,0.85,0.05,8550021,False,,,,,0.8342,0.7842
control,50,0.85,0.05,8550022,False,,,,,0.8709,0.8209
control,50,0.85,0.05,8550023,False,,,,,0.7569,0.7069
control,50,0.85,0.05,8550024,True,207,,,,0.9032,0.8532
control,50,0.85,0.05,8550025,False,,,,,0.8044,0.7544
control,50,0.85,0.05,8550026,False,,,,,0.7958,0.7458
control,50,0.85,0.05,8550027,False,,,,,0.7677,0.7177
control,50,0.85,0.05,8550028,True,212,,,,0.9443,0.8943
control,50,0.85,0.05,8550029,True,137,,,,0.9433,0.8933
control,50,0.85,0.08,8550000,False,,,,,0.9091,0.8291
control,50,0.85,0.08,8550001,False,,,,,0.8902,0.8102
control,50,0.85,0.08,8550002,False,,,,,0.8405,0.7605
control,50,0.85,0.08,8550003,False,,,,,0.8222,0.7422
control,50,0.85,0.08,8550004,False,,,,,0.8161,0.7361
control,50,0.85,0.08,8550005,True,102,,,,0.9568,0.8768
control,50,0.85,0.08,8550006,False,,,,,0.8032,0.7232
control,50,0.85,0.08,8550007,False,,,,,0.8792,0.7992
control,50,0.85,0.08,8550008,True,171,,,,0.9224,0.8424
control,50,0.85,0.08,8550009,False,,,,,0.7873,0.7073
control,50,0.85,0.08,8550010,False,,,,,0.8022,0.7222
control,50,0.85,0.08,8550011,False,,,,,0.8610,0.7810
control,50,0.85,0.08,8550012,False,,,,,0.7048,0.6248
control,50,0.85,0.08,8550013,True,168,,,,0.9447,0.8647
control,50,0.85,0.08,8550014,False,,,,,0.8478,0.7678
control,50,0.85,0.08,8550015,False,,,,,0.8855,0.8055
control,50,0.85,0.08,8550016,False,,,,,0.7298,0.6498
control,50,0.85,0.08,8550017,True,471,,,,0.8507,0.7707
control,50,0.85,0.08,8550018,False,,,,,0.7293,0.6493
control,50,0.85,0.08,8550019,False,,,,,0.7840,0.7040
control,50,0.85,0.08,8550020,False,,,,,0.8473,0.7673
control,50,0.85,0.08,8550021,False,,,,,0.8342,0.7542
control,50,0.85,0.08,8550022,False,,,,,0.8709,0.7909
control,50,0.85,0.08,8550023,False,,,,,0.7569,0.6769
control,50,0.85,0.08,8550024,False,,,,,0.9032,0.8232
control,50,0.85,0.08,8550025,False,,,,,0.8044,0.7244
control,50,0.85,0.08,8550026,False,,,,,0.7958,0.7158
control,50,0.85,0.08,8550027,False,,,,,0.7677,0.6877
control,50,0.85,0.08,8550028,True,240,,,,0.9443,0.8643
control,50,0.85,0.08,8550029,True,145,,,,0.9433,0.8633
control,50,0.85,0.1,8550000,False,,,,,0.9091,0.8091
control,50,0.85,0.1,8550001,False,,,,,0.8902,0.7902
control,50,0.85,0.1,8550002,False,,,,,0.8405,0.7405
control,50,0.85,0.1,8550003,False,,,,,0.8222,0.7222
control,50,0.85,0.1,8550004,False,,,,,0.8161,0.7161
control,50,0.85,0.1,8550005,True,124,,,,0.9568,0.8568
control,50,0.85,0.1,8550006,False,,,,,0.8032,0.7032
control,50,0.85,0.1,8550007,False,,,,,0.8792,0.7792
control,50,0.85,0.1,8550008,False,,,,,0.9224,0.8224
control,50,0.85,0.1,8550009,False,,,,,0.7873,0.6873
control,50,0.85,0.1,8550010,False,,,,,0.8022,0.7022
control,50,0.85,0.1,8550011,False,,,,,0.8610,0.7610
control,50,0.85,0.1,8550012,False,,,,,0.7048,0.6048
control,50,0.85,0.1,8550013,False,,,,,0.9447,0.8447
control,50,0.85,0.1,8550014,False,,,,,0.8478,0.7478
control,50,0.85,0.1,8550015,False,,,,,0.8855,0.7855
control,50,0.85,0.1,8550016,False,,,,,0.7298,0.6298
control,50,0.85,0.1,8550017,False,,,,,0.8507,0.7507
control,50,0.85,0.1,8550018,False,,,,,0.7293,0.6293
control,50,0.85,0.1,8550019,False,,,,,0.7840,0.6840
control,50,0.85,0.1,8550020,False,,,,,0.8473,0.7473
control,50,0.85,0.1,8550021,False,,,,,0.8342,0.7342
control,50,0.85,0.1,8550022,False,,,,,0.8709,0.7709
control,50,0.85,0.1,8550023,False,,,,,0.7569,0.6569
control,50,0.85,0.1,8550024,False,,,,,0.9032,0.8032
control,50,0.85,0.1,8550025,False,,,,,0.8044,0.7044
control,50,0.85,0.1,8550026,False,,,,,0.7958,0.6958
control,50,0.85,0.1,8550027,False,,,,,0.7677,0.6677
control,50,0.85,0.1,8550028,True,389,,,,0.9443,0.8443
control,50,0.85,0.1,8550029,True,151,,,,0.9433,0.8433
control,100,0.6,0.02,6100000,False,,,,,0.6136,0.5936
control,100,0.6,0.02,6100001,True,177,,,,0.7007,0.6807
control,100,0.6,0.02,6100002,True,112,,,,0.5574,0.5374
control,100,0.6,0.02,6100003,False,,,,,0.6000,0.5800
control,100,0.6,0.02,6100004,True,89,,,,0.7679,0.7479
control,100,0.6,0.02,6100005,False,,,,,0.4985,0.4785
control,100,0.6,0.02,6100006,True,340,,,,0.6804,0.6604
control,100,0.6,0.02,6100007,True,102,,,,0.7715,0.7515
control,100,0.6,0.02,6100008,False,,,,,0.6283,0.6083
control,100,0.6,0.02,6100009,False,,,,,0.5139,0.4939
control,100,0.6,0.02,6100010,False,,,,,0.5498,0.5298
control,100,0.6,0.02,6100011,False,,,,,0.3787,0.3587
control,100,0.6,0.02,6100012,True,93,,,,0.6744,0.6544
control,100,0.6,0.02,6100013,False,,,,,0.4941,0.4741
control,100,0.6,0.02,6100014,True,109,,,,0.7501,0.7301
control,100,0.6,0.02,6100015,False,,,,,0.5700,0.5500
control,100,0.6,0.02,6100016,False,,,,,0.5891,0.5691
control,100,0.6,0.02,6100017,True,78,,,,0.8197,0.7997
control,100,0.6,0.02,6100018,True,133,,,,0.7293,0.7093
control,100,0.6,0.02,6100019,True,193,,,,0.6427,0.6227
control,100,0.6,0.02,6100020,True,89,,,,0.8726,0.8526
control,100,0.6,0.02,6100021,True,101,,,,0.8083,0.7883
control,100,0.6,0.02,6100022,False,,,,,0.5776,0.5576
control,100,0.6,0.02,6100023,True,126,,,,0.7351,0.7151
control,100,0.6,0.02,6100024,False,,,,,0.6165,0.5965
control,100,0.6,0.02,6100025,False,,,,,0.6011,0.5811
control,100,0.6,0.02,6100026,True,382,,,,0.6851,0.6651
control,100,0.6,0.02,6100027,True,675,,,,0.6166,0.5966
control,100,0.6,0.02,6100028,True,979,,,,0.6313,0.6113
control,100,0.6,0.02,6100029,True,92,,,,0.7459,0.7259
control,100,0.6,0.03,6100000,False,,,,,0.6136,0.5836
control,100,0.6,0.03,6100001,True,180,,,,0.7007,0.6707
control,100,0.6,0.03,6100002,False,,,,,0.5574,0.5274
control,100,0.6,0.03,6100003,False,,,,,0.6000,0.5700
control,100,0.6,0.03,6100004,True,97,,,,0.7679,0.7379
control,100,0.6,0.03,6100005,False,,,,,0.4985,0.4685
control,100,0.6,0.03,6100006,True,388,,,,0.6804,0.6504
control,100,0.6,0.03,6100007,True,102,,,,0.7715,0.7415
control,100,0.6,0.03,6100008,False,,,,,0.6283,0.5983
control,100,0.6,0.03,6100009,False,,,,,0.5139,0.4839
control,100,0.6,0.03,6100010,False,,,,,0.5498,0.5198
control,100,0.6,0.03,6100011,False,,,,,0.3787,0.3487
control,100,0.6,0.03,6100012,True,122,,,,0.6744,0.6444
control,100,0.6,0.03,6100013,False,,,,,0.4941,0.4641
control,100,0.6,0.03,6100014,True,111,,,,0.7501,0.7201
control,100,0.6,0.03,6100015,False,,,,,0.5700,0.5400
control,100,0.6,0.03,6100016,False,,,,,0.5891,0.5591
control,100,0.6,0.03,6100017,True,79,,,,0.8197,0.7897
control,100,0.6,0.03,6100018,True,147,,,,0.7293,0.6993
control,100,0.6,0.03,6100019,True,196,,,,0.6427,0.6127
control,100,0.6,0.03,6100020,True,90,,,,0.8726,0.8426
control,100,0.6,0.03,6100021,True,105,,,,0.8083,0.7783
control,100,0.6,0.03,6100022,False,,,,,0.5776,0.5476
control,100,0.6,0.03,6100023,True,184,,,,0.7351,0.7051
control,100,0.6,0.03,6100024,False,,,,,0.6165,0.5865
control,100,0.6,0.03,6100025,False,,,,,0.6011,0.5711
control,100,0.6,0.03,6100026,True,386,,,,0.6851,0.6551
control,100,0.6,0.03,6100027,False,,,,,0.6166,0.5866
control,100,0.6,0.03,6100028,True,982,,,,0.6313,0.6013
control,100,0.6,0.03,6100029,True,94,,,,0.7459,0.7159
control,100,0.6,0.05,6100000,False,,,,,0.6136,0.5636
control,100,0.6,0.05,6100001,True,188,,,,0.7007,0.6507
control,100,0.6,0.05,6100002,False,,,,,0.5574,0.5074
control,100,0.6,0.05,6100003,False,,,,,0.6000,0.5500
control,100,0.6,0.05,6100004,True,147,,,,0.7679,0.7179
control,100,0.6,0.05,6100005,False,,,,,0.4985,0.4485
control,100,0.6,0.05,6100006,True,463,,,,0.6804,0.6304
control,100,0.6,0.05,6100007,True,104,,,,0.7715,0.7215
control,100,0.6,0.05,6100008,False,,,,,0.6283,0.5783
control,100,0.6,0.05,6100009,False,,,,,0.5139,0.4639
control,100,0.6,0.05,6100010,False,,,,,0.5498,0.4998
control,100,0.6,0.05,6100011,False,,,,,0.3787,0.3287
control,100,0.6,0.05,6100012,True,152,,,,0.6744,0.6244
control,100,0.6,0.05,6100013,False,,,,,0.4941,0.4441
control,100,0.6,0.05,6100014,True,120,,,,0.7501,0.7001
control,100,0.6,0.05,6100015,False,,,,,0.5700,0.5200
control,100,0.6,0.05,6100016,False,,,,,0.5891,0.5391
control,100,0.6,0.05,6100017,True,81,,,,0.8197,0.7697
control,100,0.6,0.05,6100018,True,155,,,,0.7293,0.6793
control,100,0.6,0.05,6100019,False,,,,,0.6427,0.5927
control,100,0.6,0.05,6100020,True,92,,,,0.8726,0.8226
control,100,0.6,0.05,6100021,True,120,,,,0.8083,0.7583
control,100,0.6,0.05,6100022,False,,,,,0.5776,0.5276
control,100,0.6,0.05,6100023,True,199,,,,0.7351,0.6851
control,100,0.6,0.05,6100024,False,,,,,0.6165,0.5665
control,100,0.6,0.05,6100025,False,,,,,0.6011,0.5511
control,100,0.6,0.05,6100026,True,571,,,,0.6851,0.6351
control,100,0.6,0.05,6100027,False,,,,,0.6166,0.5666
control,100,0.6,0.05,6100028,True,986,,,,0.6313,0.5813
control,100,0.6,0.05,6100029,True,97,,,,0.7459,0.6959
control,100,0.6,0.08,6100000,False,,,,,0.6136,0.5336
control,100,0.6,0.08,6100001,True,193,,,,0.7007,0.6207
control,100,0.6,0.08,6100002,False,,,,,0.5574,0.4774
control,100,0.6,0.08,6100003,False,,,,,0.6000,0.5200
control,100,0.6,0.08,6100004,True,238,,,,0.7679,0.6879
control,100,0.6,0.08,6100005,False,,,,,0.4985,0.4185
control,100,0.6,0.08,6100006,False,,,,,0.6804,0.6004
control,100,0.6,0.08,6100007,True,109,,,,0.7715,0.6915
control,100,0.6,0.08,6100008,False,,,,,0.6283,0.5483
control,100,0.6,0.08,6100009,False,,,,,0.5139,0.4339
control,100,0.6,0.08,6100010,False,,,,,0.5498,0.4698
control,100,0.6,0.08,6100011,False,,,,,0.3787,0.2987
control,100,0.6,0.08,6100012,True,970,,,,0.6744,0.5944
control,100,0.6,0.08,6100013,False,,,,,0.4941,0.4141
control,100,0.6,0.08,6100014,True,136,,,,0.7501,0.6701
control,100,0.6,0.08,6100015,False,,,,,0.5700,0.4900
control,100,0.6,0.08,6100016,False,,,,,0.5891,0.5091
control,100,0.6,0.08,6100017,True,85,,,,0.8197,0.7397
control,100,0.6,0.08,6100018,True,167,,,,0.7293,0.6493
control,100,0.6,0.08,6100019,False,,,,,0.6427,0.5627
control,100,0.6,0.08,6100020,True,95,,,,0.8726,0.7926
control,100,0.6,0.08,6100021,True,150,,,,0.8083,0.7283
control,100,0.6,0.08,6100022,False,,,,,0.5776,0.4976
control,100,0.6,0.08,6100023,True,214,,,,0.7351,0.6551
control,100,0.6,0.08,6100024,False,,,,,0.6165,0.5365
control,100,0.6,0.08,6100025,False,,,,,0.6011,0.5211
control,100,0.6,0.08,6100026,True,936,,,,0.6851,0.6051
control,100,0.6,0.08,6100027,False,,,,,0.6166,0.5366
control,100,0.6,0.08,6100028,False,,,,,0.6313,0.5513
control,100,0.6,0.08,6100029,True,102,,,,0.7459,0.6659
control,100,0.6,0.1,6100000,False,,,,,0.6136,0.5136
control,100,0.6,0.1,6100001,True,198,,,,0.7007,0.6007
control,100,0.6,0.1,6100002,False,,,,,0.5574,0.4574
control,100,0.6,0.1,6100003,False,,,,,0.6000,0.5000
control,100,0.6,0.1,6100004,True,251,,,,0.7679,0.6679
control,100,0.6,0.1,6100005,False,,,,,0.4985,0.3985
control,100,0.6,0.1,6100006,False,,,,,0.6804,0.5804
control,100,0.6,0.1,6100007,True,111,,,,0.7715,0.6715
control,100,0.6,0.1,6100008,False,,,,,0.6283,0.5283
control,100,0.6,0.1,6100009,False,,,,,0.5139,0.4139
control,100,0.6,0.1,6100010,False,,,,,0.5498,0.4498
control,100,0.6,0.1,6100011,False,,,,,0.3787,0.2787
control,100,0.6,0.1,6100012,True,974,,,,0.6744,0.5744
control,100,0.6,0.1,6100013,False,,,,,0.4941,0.3941
control,100,0.6,0.1,6100014,True,166,,,,0.7501,0.6501
control,100,0.6,0.1,6100015,False,,,,,0.5700,0.4700
control,100,0.6,0.1,6100016,False,,,,,0.5891,0.4891
control,100,0.6,0.1,6100017,True,90,,,,0.8197,0.7197
control,100,0.6,0.1,6100018,True,176,,,,0.7293,0.6293
control,100,0.6,0.1,6100019,False,,,,,0.6427,0.5427
control,100,0.6,0.1,6100020,True,98,,,,0.8726,0.7726
control,100,0.6,0.1,6100021,True,172,,,,0.8083,0.7083
control,100,0.6,0.1,6100022,False,,,,,0.5776,0.4776
control,100,0.6,0.1,6100023,True,612,,,,0.7351,0.6351
control,100,0.6,0.1,6100024,False,,,,,0.6165,0.5165
control,100,0.6,0.1,6100025,False,,,,,0.6011,0.5011
control,100,0.6,0.1,6100026,False,,,,,0.6851,0.5851
control,100,0.6,0.1,6100027,False,,,,,0.6166,0.5166
control,100,0.6,0.1,6100028,False,,,,,0.6313,0.5313
control,100,0.6,0.1,6100029,True,109,,,,0.7459,0.6459
control,100,0.75,0.02,7600000,True,102,,,,0.9632,0.9432
control,100,0.75,0.02,7600001,True,157,,,,0.8004,0.7804
control,100,0.75,0.02,7600002,True,981,,,,0.7246,0.7046
control,100,0.75,0.02,7600003,True,370,,,,0.7882,0.7682
control,100,0.75,0.02,7600004,True,757,,,,0.7614,0.7414
control,100,0.75,0.02,7600005,False,,,,,0.6029,0.5829
control,100,0.75,0.02,7600006,False,,,,,0.7690,0.7490
control,100,0.75,0.02,7600007,False,,,,,0.7187,0.6987
control,100,0.75,0.02,7600008,True,517,,,,0.7621,0.7421
control,100,0.75,0.02,7600009,True,92,,,,0.9021,0.8821
control,100,0.75,0.02,7600010,True,120,,,,0.7818,0.7618
control,100,0.75,0.02,7600011,True,120,,,,0.8460,0.8260
control,100,0.75,0.02,7600012,True,629,,,,0.7399,0.7199
control,100,0.75,0.02,7600013,False,,,,,0.7093,0.6893
control,100,0.75,0.02,7600014,True,98,,,,0.9339,0.9139
control,100,0.75,0.02,7600015,True,231,,,,0.8360,0.8160
control,100,0.75,0.02,7600016,True,695,,,,0.7984,0.7784
control,100,0.75,0.02,7600017,True,126,,,,0.8671,0.8471
control,100,0.75,0.02,7600018,False,,,,,0.6574,0.6374
control,100,0.75,0.02,7600019,False,,,,,0.5612,0.5412
control,100,0.75,0.02,7600020,False,,,,,0.6434,0.6234
control,100,0.75,0.02,7600021,True,153,,,,0.8454,0.8254
control,100,0.75,0.02,7600022,True,101,,,,0.8977,0.8777
control,100,0.75,0.02,7600023,True,90,,,,0.9416,0.9216
control,100,0.75,0.02,7600024,False,,,,,0.6771,0.6571
control,100,0.75,0.02,7600025,True,149,,,,0.7534,0.7334
control,100,0.75,0.02,7600026,False,,,,,0.6254,0.6054
control,100,0.75,0.02,7600027,True,555,,,,0.8260,0.8060
control,100,0.75,0.02,7600028,True,100,,,,0.9287,0.9087
control,100,0.75,0.02,7600029,True,191,,,,0.7457,0.7257
control,100,0.75,0.03,7600000,True,106,,,,0.9632,0.9332
control,100,0.75,0.03,7600001,True,159,,,,0.8004,0.7704
control,100,0.75,0.03,7600002,True,984,,,,0.7246,0.6946
control,100,0.75,0.03,7600003,True,373,,,,0.7882,0.7582
control,100,0.75,0.03,7600004,False,,,,,0.7614,0.7314
control,100,0.75,0.03,7600005,False,,,,,0.6029,0.5729
control,100,0.75,0.03,7600006,False,,,,,0.7690,0.7390
control,100,0.75,0.03,7600007,False,,,,,0.7187,0.6887
control,100,0.75,0.03,7600008,True,885,,,,0.7621,0.7321
control,100,0.75,0.03,7600009,True,93,,,,0.9021,0.8721
control,100,0.75,0.03,7600010,True,122,,,,0.7818,0.7518
control,100,0.75,0.03,7600011,True,150,,,,0.8460,0.8160
control,100,0.75,0.03,7600012,False,,,,,0.7399,0.7099
control,100,0.75,0.03,7600013,False,,,,,0.7093,0.6793
control,100,0.75,0.03,7600014,True,103,,,,0.9339,0.9039
control,100,0.75,0.03,7600015,True,647,,,,0.8360,0.8060
control,100,0.75,0.03,7600016,True,701,,,,0.7984,0.7684
control,100,0.75,0.03,7600017,True,132,,,,0.8671,0.8371
control,100,0.75,0.03,7600018,False,,,,,0.6574,0.6274
control,100,0.75,0.03,7600019,False,,,,,0.5612,0.5312
control,100,0.75,0.03,7600020,False,,,,,0.6434,0.6134
control,100,0.75,0.03,7600021,True,156,,,,0.8454,0.8154
control,100,0.75,0.03,7600022,True,102,,,,0.8977,0.8677
control,100,0.75,0.03,7600023,True,91,,,,0.9416,0.9116
control,100,0.75,0.03,7600024,False,,,,,0.6771,0.6471
control,100,0.75,0.03,7600025,True,765,,,,0.7534,0.7234
control,100,0.75,0.03,7600026,False,,,,,0.6254,0.5954
control,100,0.75,0.03,7600027,True,593,,,,0.8260,0.7960
control,100,0.75,0.03,7600028,True,101,,,,0.9287,0.8987
control,100,0.75,0.03,7600029,True,197,,,,0.7457,0.7157
control,100,0.75,0.05,7600000,True,113,,,,0.9632,0.9132
control,100,0.75,0.05,7600001,True,165,,,,0.8004,0.7504
control,100,0.75,0.05,7600002,False,,,,,0.7246,0.6746
control,100,0.75,0.05,7600003,True,384,,,,0.7882,0.7382
control,100,0.75,0.05,7600004,False,,,,,0.7614,0.7114
control,100,0.75,0.05,7600005,False,,,,,0.6029,0.5529
control,100,0.75,0.05,7600006,False,,,,,0.7690,0.7190
control,100,0.75,0.05,7600007,False,,,,,0.7187,0.6687
control,100,0.75,0.05,7600008,False,,,,,0.7621,0.7121
control,100,0.75,0.05,7600009,True,98,,,,0.9021,0.8521
control,100,0.75,0.05,7600010,True,126,,,,0.7818,0.7318
control,100,0.75,0.05,7600011,True,261,,,,0.8460,0.7960
control,100,0.75,0.05,7600012,False,,,,,0.7399,0.6899
control,100,0.75,0.05,7600013,False,,,,,0.7093,0.6593
control,100,0.75,0.05,7600014,True,116,,,,0.9339,0.8839
control,100,0.75,0.05,7600015,True,801,,,,0.8360,0.7860
control,100,0.75,0.05,7600016,True,732,,,,0.7984,0.7484
control,100,0.75,0.05,7600017,True,147,,,,0.8671,0.8171
control,100,0.75,0.05,7600018,False,,,,,0.6574,0.6074
control,100,0.75,0.05,7600019,False,,,,,0.5612,0.5112
control,100,0.75,0.05,7600020,False,,,,,0.6434,0.5934
control,100,0.75,0.05,7600021,True,189,,,,0.8454,0.7954
control,100,0.75,0.05,7600022,True,106,,,,0.8977,0.8477
control,100,0.75,0.05,7600023,True,93,,,,0.9416,0.8916
control,100,0.75,0.05,7600024,False,,,,,0.6771,0.6271
control,100,0.75,0.05,7600025,True,778,,,,0.7534,0.7034
control,100,0.75,0.05,7600026,False,,,,,0.6254,0.5754
control,100,0.75,0.05,7600027,True,602,,,,0.8260,0.7760
control,100,0.75,0.05,7600028,True,105,,,,0.9287,0.8787
control,100,0.75,0.05,7600029,True,559,,,,0.7457,0.6957
control,100,0.75,0.08,7600000,True,132,,,,0.9632,0.8832
control,100,0.75,0.08,7600001,True,759,,,,0.8004,0.7204
control,100,0.75,0.08,7600002,False,,,,,0.7246,0.6446
control,100,0.75,0.08,7600003,False,,,,,0.7882,0.7082
control,100,0.75,0.08,7600004,False,,,,,0.7614,0.6814
control,100,0.75,0.08,7600005,False,,,,,0.6029,0.5229
control,100,0.75,0.08,7600006,False,,,,,0.7690,0.6890
control,100,0.75,0.08,7600007,False,,,,,0.7187,0.6387
control,100,0.75,0.08,7600008,False,,,,,0.7621,0.6821
control,100,0.75,0.08,7600009,True,106,,,,0.9021,0.8221
control,100,0.75,0.08,7600010,True,133,,,,0.7818,0.7018
control,100,0.75,0.08,7600011,True,312,,,,0.8460,0.7660
control,100,0.75,0.08,7600012,False,,,,,0.7399,0.6599
control,100,0.75,0.08,7600013,False,,,,,0.7093,0.6293
control,100,0.75,0.08,7600014,True,130,,,,0.9339,0.8539
control,100,0.75,0.08,7600015,True,930,,,,0.8360,0.7560
control,100,0.75,0.08,7600016,True,852,,,,0.7984,0.7184
control,100,0.75,0.08,7600017,True,166,,,,0.8671,0.7871
control,100,0.75,0.08,7600018,False,,,,,0.6574,0.5774
control,100,0.75,0.08,7600019,False,,,,,0.5612,0.4812
control,100,0.75,0.08,7600020,False,,,,,0.6434,0.5634
control,100,0.75,0.08,7600021,True,207,,,,0.8454,0.7654
control,100,0.75,0.08,7600022,True,111,,,,0.8977,0.8177
control,100,0.75,0.08,7600023,True,96,,,,0.9416,0.8616
control,100,0.75,0.08,7600024,False,,,,,0.6771,0.5971
control,100,0.75,0.08,7600025,False,,,,,0.7534,0.6734
control,100,0.75,0.08,7600026,False,,,,,0.6254,0.5454
control,100,0.75,0.08,7600027,True,809,,,,0.8260,0.7460
control,100,0.75,0.08,7600028,True,111,,,,0.9287,0.8487
control,100,0.75,0.08,7600029,False,,,,,0.7457,0.6657
control,100,0.75,0.1,7600000,True,144,,,,0.9632,0.8632
control,100,0.75,0.1,7600001,True,766,,,,0.8004,0.7004
control,100,0.75,0.1,7600002,False,,,,,0.7246,0.6246
control,100,0.75,0.1,7600003,False,,,,,0.7882,0.6882
control,100,0.75,0.1,7600004,False,,,,,0.7614,0.6614
control,100,0.75,0.1,7600005,False,,,,,0.6029,0.5029
control,100,0.75,0.1,7600006,False,,,,,0.7690,0.6690
control,100,0.75,0.1,7600007,False,,,,,0.7187,0.6187
control,100,0.75,0.1,7600008,False,,,,,0.7621,0.6621
control,100,0.75,0.1,7600009,True,121,,,,0.9021,0.8021
control,100,0.75,0.1,7600010,True,140,,,,0.7818,0.6818
control,100,0.75,0.1,7600011,False,,,,,0.8460,0.7460
control,100,0.75,0.1,7600012,False,,,,,0.7399,0.6399
control,100,0.75,0.1,7600013,False,,,,,0.7093,0.6093
control,100,0.75,0.1,7600014,True,149,,,,0.9339,0.8339
control,100,0.75,0.1,7600015,False,,,,,0.8360,0.7360
control,100,0.75,0.1,7600016,False,,,,,0.7984,0.6984
control,100,0.75,0.1,7600017,True,242,,,,0.8671,0.7671
control,100,0.75,0.1,7600018,False,,,,,0.6574,0.5574
control,100,0.75,0.1,7600019,False,,,,,0.5612,0.4612
control,100,0.75,0.1,7600020,False,,,,,0.6434,0.5434
control,100,0.75,0.1,7600021,True,254,,,,0.8454,0.7454
control,100,0.75,0.1,7600022,True,117,,,,0.8977,0.7977
control,100,0.75,0.1,7600023,True,99,,,,0.9416,0.8416
control,100,0.75,0.1,7600024,False,,,,,0.6771,0.5771
control,100,0.75,0.1,7600025,False,,,,,0.7534,0.6534
control,100,0.75,0.1,7600026,False,,,,,0.6254,0.5254
control,100,0.75,0.1,7600027,False,,,,,0.8260,0.7260
control,100,0.75,0.1,7600028,True,117,,,,0.9287,0.8287
control,100,0.75,0.1,7600029,False,,,,,0.7457,0.6457
control,100,0.85,0.02,8600000,True,142,,,,0.9497,0.9297
control,100,0.85,0.02,8600001,False,,,,,0.7414,0.7214
control,100,0.85,0.02,8600002,True,185,,,,0.8451,0.8251
control,100,0.85,0.02,8600003,False,,,,,0.7434,0.7234
control,100,0.85,0.02,8600004,True,135,,,,0.8869,0.8669
control,100,0.85,0.02,8600005,False,,,,,0.7385,0.7185
control,100,0.85,0.02,8600006,False,,,,,0.7966,0.7766
control,100,0.85,0.02,8600007,True,297,,,,0.8171,0.7971
control,100,0.85,0.02,8600008,True,100,,,,0.9313,0.9113
control,100,0.85,0.02,8600009,True,99,,,,0.8972,0.8772
control,100,0.85,0.02,8600010,True,342,,,,0.8676,0.8476
control,100,0.85,0.02,8600011,True,82,,,,0.9385,0.9185
control,100,0.85,0.02,8600012,True,168,,,,0.9463,0.9263
control,100,0.85,0.02,8600013,False,,,,,0.8460,0.8260
control,100,0.85,0.02,8600014,True,226,,,,0.8542,0.8342
control,100,0.85,0.02,8600015,False,,,,,0.8030,0.7830
control,100,0.85,0.02,8600016,False,,,,,0.7881,0.7681
control,100,0.85,0.02,8600017,True,115,,,,0.9525,0.9325
control,100,0.85,0.02,8600018,False,,,,,0.7535,0.7335
control,100,0.85,0.02,8600019,True,360,,,,0.8415,0.8215
control,100,0.85,0.02,8600020,True,153,,,,0.8958,0.8758
control,100,0.85,0.02,8600021,True,146,,,,0.9278,0.9078
control,100,0.85,0.02,8600022,False,,,,,0.7985,0.7785
control,100,0.85,0.02,8600023,True,117,,,,0.9071,0.8871
control,100,0.85,0.02,8600024,False,,,,,0.7851,0.7651
control,100,0.85,0.02,8600025,True,170,,,,0.8631,0.8431
control,100,0.85,0.02,8600026,False,,,,,0.7986,0.7786
control,100,0.85,0.02,8600027,True,640,,,,0.8194,0.7994
control,100,0.85,0.02,8600028,True,148,,,,0.8742,0.8542
control,100,0.85,0.02,8600029,True,168,,,,0.9034,0.8834
control,100,0.85,0.03,8600000,True,170,,,,0.9497,0.9197
control,100,0.85,0.03,8600001,False,,,,,0.7414,0.7114
control,100,0.85,0.03,8600002,True,188,,,,0.8451,0.8151
control,100,0.85,0.03,8600003,False,,,,,0.7434,0.7134
control,100,0.85,0.03,8600004,True,142,,,,0.8869,0.8569
control,100,0.85,0.03,8600005,False,,,,,0.7385,0.7085
control,100,0.85,0.03,8600006,False,,,,,0.7966,0.7666
control,100,0.85,0.03,8600007,False,,,,,0.8171,0.7871
control,100,0.85,0.03,8600008,True,107,,,,0.9313,0.9013
control,100,0.85,0.03,8600009,True,102,,,,0.8972,0.8672
control,100,0.85,0.03,8600010,True,359,,,,0.8676,0.8376
control,100,0.85,0.03,8600011,True,83,,,,0.9385,0.9085
control,100,0.85,0.03,8600012,True,179,,,,0.9463,0.9163
control,100,0.85,0.03,8600013,False,,,,,0.8460,0.8160
control,100,0.85,0.03,8600014,True,231,,,,0.8542,0.8242
control,100,0.85,0.03,8600015,False,,,,,0.8030,0.7730
control,100,0.85,0.03,8600016,False,,,,,0.7881,0.7581
control,100,0.85,0.03,8600017,True,123,,,,0.9525,0.9225
control,100,0.85,0.03,8600018,False,,,,,0.7535,0.7235
control,100,0.85,0.03,8600019,True,362,,,,0.8415,0.8115
control,100,0.85,0.03,8600020,True,160,,,,0.8958,0.8658
control,100,0.85,0.03,8600021,True,152,,,,0.9278,0.8978
control,100,0.85,0.03,8600022,False,,,,,0.7985,0.7685
control,100,0.85,0.03,8600023,True,121,,,,0.9071,0.8771
control,100,0.85,0.03,8600024,False,,,,,0.7851,0.7551
control,100,0.85,0.03,8600025,True,210,,,,0.8631,0.8331
control,100,0.85,0.03,8600026,False,,,,,0.7986,0.7686
control,100,0.85,0.03,8600027,True,647,,,,0.8194,0.7894
control,100,0.85,0.03,8600028,True,151,,,,0.8742,0.8442
control,100,0.85,0.03,8600029,True,315,,,,0.9034,0.8734
control,100,0.85,0.05,8600000,True,185,,,,0.9497,0.8997
control,100,0.85,0.05,8600001,False,,,,,0.7414,0.6914
control,100,0.85,0.05,8600002,False,,,,,0.8451,0.7951
control,100,0.85,0.05,8600003,False,,,,,0.7434,0.6934
control,100,0.85,0.05,8600004,True,204,,,,0.8869,0.8369
control,100,0.85,0.05,8600005,False,,,,,0.7385,0.6885
control,100,0.85,0.05,8600006,False,,,,,0.7966,0.7466
control,100,0.85,0.05,8600007,False,,,,,0.8171,0.7671
control,100,0.85,0.05,8600008,True,127,,,,0.9313,0.8813
control,100,0.85,0.05,8600009,True,807,,,,0.8972,0.8472
control,100,0.85,0.05,8600010,True,659,,,,0.8676,0.8176
control,100,0.85,0.05,8600011,True,87,,,,0.9385,0.8885
control,100,0.85,0.05,8600012,True,206,,,,0.9463,0.8963
control,100,0.85,0.05,8600013,False,,,,,0.8460,0.7960
control,100,0.85,0.05,8600014,True,266,,,,0.8542,0.8042
control,100,0.85,0.05,8600015,False,,,,,0.8030,0.7530
control,100,0.85,0.05,8600016,False,,,,,0.7881,0.7381
control,100,0.85,0.05,8600017,True,204,,,,0.9525,0.9025
control,100,0.85,0.05,8600018,False,,,,,0.7535,0.7035
control,100,0.85,0.05,8600019,True,366,,,,0.8415,0.7915
control,100,0.85,0.05,8600020,True,187,,,,0.8958,0.8458
control,100,0.85,0.05,8600021,True,167,,,,0.9278,0.8778
control,100,0.85,0.05,8600022,False,,,,,0.7985,0.7485
control,100,0.85,0.05,8600023,True,133,,,,0.9071,0.8571
control,100,0.85,0.05,8600024,False,,,,,0.7851,0.7351
control,100,0.85,0.05,8600025,True,851,,,,0.8631,0.8131
control,100,0.85,0.05,8600026,False,,,,,0.7986,0.7486
control,100,0.85,0.05,8600027,False,,,,,0.8194,0.7694
control,100,0.85,0.05,8600028,True,175,,,,0.8742,0.8242
control,100,0.85,0.05,8600029,True,613,,,,0.9034,0.8534
control,100,0.85,0.08,8600000,True,239,,,,0.9497,0.8697
control,100,0.85,0.08,8600001,False,,,,,0.7414,0.6614
control,100,0.85,0.08,8600002,False,,,,,0.8451,0.7651
control,100,0.85,0.08,8600003,False,,,,,0.7434,0.6634
control,100,0.85,0.08,8600004,False,,,,,0.8869,0.8069
control,100,0.85,0.08,8600005,False,,,,,0.7385,0.6585
control,100,0.85,0.08,8600006,False,,,,,0.7966,0.7166
control,100,0.85,0.08,8600007,False,,,,,0.8171,0.7371
control,100,0.85,0.08,8600008,True,176,,,,0.9313,0.8513
control,100,0.85,0.08,8600009,False,,,,,0.8972,0.8172
control,100,0.85,0.08,8600010,False,,,,,0.8676,0.7876
control,100,0.85,0.08,8600011,True,92,,,,0.9385,0.8585
control,100,0.85,0.08,8600012,True,232,,,,0.9463,0.8663
control,100,0.85,0.08,8600013,False,,,,,0.8460,0.7660
control,100,0.85,0.08,8600014,True,924,,,,0.8542,0.7742
control,100,0.85,0.08,8600015,False,,,,,0.8030,0.7230
control,100,0.85,0.08,8600016,False,,,,,0.7881,0.7081
control,100,0.85,0.08,8600017,True,239,,,,0.9525,0.8725
control,100,0.85,0.08,8600018,False,,,,,0.7535,0.6735
control,100,0.85,0.08,8600019,True,389,,,,0.8415,0.7615
control,100,0.85,0.08,8600020,True,332,,,,0.8958,0.8158
control,100,0.85,0.08,8600021,True,487,,,,0.9278,0.8478
control,100,0.85,0.08,8600022,False,,,,,0.7985,0.7185
control,100,0.85,0.08,8600023,True,228,,,,0.9071,0.8271
control,100,0.85,0.08,8600024,False,,,,,0.7851,0.7051
control,100,0.85,0.08,8600025,False,,,,,0.8631,0.7831
control,100,0.85,0.08,8600026,False,,,,,0.7986,0.7186
control,100,0.85,0.08,8600027,False,,,,,0.8194,0.7394
control,100,0.85,0.08,8600028,False,,,,,0.8742,0.7942
control,100,0.85,0.08,8600029,True,705,,,,0.9034,0.8234
control,100,0.85,0.1,8600000,True,249,,,,0.9497,0.8497
control,100,0.85,0.1,8600001,False,,,,,0.7414,0.6414
control,100,0.85,0.1,8600002,False,,,,,0.8451,0.7451
control,100,0.85,0.1,8600003,False,,,,,0.7434,0.6434
control,100,0.85,0.1,8600004,False,,,,,0.8869,0.7869
control,100,0.85,0.1,8600005,False,,,,,0.7385,0.6385
control,100,0.85,0.1,8600006,False,,,,,0.7966,0.6966
control,100,0.85,0.1,8600007,False,,,,,0.8171,0.7171
control,100,0.85,0.1,8600008,True,220,,,,0.9313,0.8313
control,100,0.85,0.1,8600009,False,,,,,0.8972,0.7972
control,100,0.85,0.1,8600010,False,,,,,0.8676,0.7676
control,100,0.85,0.1,8600011,True,98,,,,0.9385,0.8385
control,100,0.85,0.1,8600012,True,261,,,,0.9463,0.8463
control,100,0.85,0.1,8600013,False,,,,,0.8460,0.7460
control,100,0.85,0.1,8600014,False,,,,,0.8542,0.7542
control,100,0.85,0.1,8600015,False,,,,,0.8030,0.7030
control,100,0.85,0.1,8600016,False,,,,,0.7881,0.6881
control,100,0.85,0.1,8600017,True,244,,,,0.9525,0.8525
control,100,0.85,0.1,8600018,False,,,,,0.7535,0.6535
control,100,0.85,0.1,8600019,False,,,,,0.8415,0.7415
control,100,0.85,0.1,8600020,False,,,,,0.8958,0.7958
control,100,0.85,0.1,8600021,True,688,,,,0.9278,0.8278
control,100,0.85,0.1,8600022,False,,,,,0.7985,0.6985
control,100,0.85,0.1,8600023,True,765,,,,0.9071,0.8071
control,100,0.85,0.1,8600024,False,,,,,0.7851,0.6851
control,100,0.85,0.1,8600025,False,,,,,0.8631,0.7631
control,100,0.85,0.1,8600026,False,,,,,0.7986,0.6986
control,100,0.85,0.1,8600027,False,,,,,0.8194,0.7194
control,100,0.85,0.1,8600028,False,,,,,0.8742,0.7742
control,100,0.85,0.1,8600029,True,725,,,,0.9034,0.8034
control,200,0.6,0.02,6200000,False,,,,,0.5566,0.5366
control,200,0.6,0.02,6200001,True,116,,,,0.7084,0.6884
control,200,0.6,0.02,6200002,True,1537,,,,0.5803,0.5603
control,200,0.6,0.02,6200003,True,195,,,,0.6665,0.6465
control,200,0.6,0.02,6200004,True,96,,,,0.8052,0.7852
control,200,0.6,0.02,6200005,True,184,,,,0.7160,0.6960
control,200,0.6,0.02,6200006,True,743,,,,0.5893,0.5693
control,200,0.6,0.02,6200007,True,1036,,,,0.6179,0.5979
control,200,0.6,0.02,6200008,True,129,,,,0.6906,0.6706
control,200,0.6,0.02,6200009,False,,,,,0.5495,0.5295
control,200,0.6,0.02,6200010,False,,,,,0.5003,0.4803
control,200,0.6,0.02,6200011,True,183,,,,0.6800,0.6600
control,200,0.6,0.02,6200012,True,92,,,,0.6828,0.6628
control,200,0.6,0.02,6200013,True,172,,,,0.7133,0.6933
control,200,0.6,0.02,6200014,False,,,,,0.4635,0.4435
control,200,0.6,0.02,6200015,False,,,,,0.5745,0.5545
control,200,0.6,0.02,6200016,False,,,,,0.3744,0.3544
control,200,0.6,0.02,6200017,True,104,,,,0.7420,0.7220
control,200,0.6,0.02,6200018,False,,,,,0.5959,0.5759
control,200,0.6,0.02,6200019,True,84,,,,0.8909,0.8709
control,200,0.6,0.02,6200020,False,,,,,0.4482,0.4282
control,200,0.6,0.02,6200021,False,,,,,0.4688,0.4488
control,200,0.6,0.02,6200022,True,103,,,,0.7385,0.7185
control,200,0.6,0.02,6200023,True,479,,,,0.6521,0.6321
control,200,0.6,0.02,6200024,True,583,,,,0.6366,0.6166
control,200,0.6,0.02,6200025,True,362,,,,0.6554,0.6354
control,200,0.6,0.02,6200026,False,,,,,0.5583,0.5383
control,200,0.6,0.02,6200027,True,421,,,,0.6379,0.6179
control,200,0.6,0.02,6200028,True,142,,,,0.7315,0.7115
control,200,0.6,0.02,6200029,False,,,,,0.4712,0.4512
control,200,0.6,0.03,6200000,False,,,,,0.5566,0.5266
control,200,0.6,0.03,6200001,True,120,,,,0.7084,0.6784
control,200,0.6,0.03,6200002,True,1538,,,,0.5803,0.5503
control,200,0.6,0.03,6200003,True,197,,,,0.6665,0.6365
control,200,0.6,0.03,6200004,True,98,,,,0.8052,0.7752
control,200,0.6,0.03,6200005,True,188,,,,0.7160,0.6860
control,200,0.6,0.03,6200006,True,748,,,,0.5893,0.5593
control,200,0.6,0.03,6200007,True,1039,,,,0.6179,0.5879
control,200,0.6,0.03,6200008,True,133,,,,0.6906,0.6606
control,200,0.6,0.03,6200009,False,,,,,0.5495,0.5195
control,200,0.6,0.03,6200010,False,,,,,0.5003,0.4703
control,200,0.6,0.03,6200011,True,237,,,,0.6800,0.6500
control,200,0.6,0.03,6200012,True,98,,,,0.6828,0.6528
control,200,0.6,0.03,6200013,True,180,,,,0.7133,0.6833
control,200,0.6,0.03,6200014,False,,,,,0.4635,0.4335
control,200,0.6,0.03,6200015,False,,,,,0.5745,0.5445
control,200,0.6,0.03,6200016,False,,,,,0.3744,0.3444
control,200,0.6,0.03,6200017,True,179,,,,0.7420,0.7120
control,200,0.6,0.03,6200018,False,,,,,0.5959,0.5659
control,200,0.6,0.03,6200019,True,85,,,,0.8909,0.8609
control,200,0.6,0.03,6200020,False,,,,,0.4482,0.4182
control,200,0.6,0.03,6200021,False,,,,,0.4688,0.4388
control,200,0.6,0.03,6200022,True,106,,,,0.7385,0.7085
control,200,0.6,0.03,6200023,True,495,,,,0.6521,0.6221
control,200,0.6,0.03,6200024,True,588,,,,0.6366,0.6066
control,200,0.6,0.03,6200025,True,364,,,,0.6554,0.6254
control,200,0.6,0.03,6200026,False,,,,,0.5583,0.5283
control,200,0.6,0.03,6200027,True,426,,,,0.6379,0.6079
control,200,0.6,0.03,6200028,True,144,,,,0.7315,0.7015
control,200,0.6,0.03,6200029,False,,,,,0.4712,0.4412
control,200,0.6,0.05,6200000,False,,,,,0.5566,0.5066
control,200,0.6,0.05,6200001,True,126,,,,0.7084,0.6584
control,200,0.6,0.05,6200002,False,,,,,0.5803,0.5303
control,200,0.6,0.05,6200003,True,201,,,,0.6665,0.6165
control,200,0.6,0.05,6200004,True,101,,,,0.8052,0.7552
control,200,0.6,0.05,6200005,True,233,,,,0.7160,0.6660
control,200,0.6,0.05,6200006,False,,,,,0.5893,0.5393
control,200,0.6,0.05,6200007,True,1065,,,,0.6179,0.5679
control,200,0.6,0.05,6200008,True,136,,,,0.6906,0.6406
control,200,0.6,0.05,6200009,False,,,,,0.5495,0.4995
control,200,0.6,0.05,6200010,False,,,,,0.5003,0.4503
control,200,0.6,0.05,6200011,True,410,,,,0.6800,0.6300
control,200,0.6,0.05,6200012,True,361,,,,0.6828,0.6328
control,200,0.6,0.05,6200013,True,469,,,,0.7133,0.6633
control,200,0.6,0.05,6200014,False,,,,,0.4635,0.4135
control,200,0.6,0.05,6200015,False,,,,,0.5745,0.5245
control,200,0.6,0.05,6200016,False,,,,,0.3744,0.3244
control,200,0.6,0.05,6200017,True,294,,,,0.7420,0.6920
control,200,0.6,0.05,6200018,False,,,,,0.5959,0.5459
control,200,0.6,0.05,6200019,True,88,,,,0.8909,0.8409
control,200,0.6,0.05,6200020,False,,,,,0.4482,0.3982
control,200,0.6,0.05,6200021,False,,,,,0.4688,0.4188
control,200,0.6,0.05,6200022,True,124,,,,0.7385,0.6885
control,200,0.6,0.05,6200023,True,1419,,,,0.6521,0.6021
control,200,0.6,0.05,6200024,False,,,,,0.6366,0.5866
control,200,0.6,0.05,6200025,True,368,,,,0.6554,0.6054
control,200,0.6,0.05,6200026,False,,,,,0.5583,0.5083
control,200,0.6,0.05,6200027,True,460,,,,0.6379,0.5879
control,200,0.6,0.05,6200028,True,147,,,,0.7315,0.6815
control,200,0.6,0.05,6200029,False,,,,,0.4712,0.4212
control,200,0.6,0.08,6200000,False,,,,,0.5566,0.4766
control,200,0.6,0.08,6200001,True,136,,,,0.7084,0.6284
control,200,0.6,0.08,6200002,False,,,,,0.5803,0.5003
control,200,0.6,0.08,6200003,True,391,,,,0.6665,0.5865
control,200,0.6,0.08,6200004,True,114,,,,0.8052,0.7252
control,200,0.6,0.08,6200005,True,1249,,,,0.7160,0.6360
control,200,0.6,0.08,6200006,False,,,,,0.5893,0.5093
control,200,0.6,0.08,6200007,False,,,,,0.6179,0.5379
control,200,0.6,0.08,6200008,True,525,,,,0.6906,0.6106
control,200,0.6,0.08,6200009,False,,,,,0.5495,0.4695
control,200,0.6,0.08,6200010,False,,,,,0.5003,0.4203
control,200,0.6,0.08,6200011,True,562,,,,0.6800,0.6000
control,200,0.6,0.08,6200012,True,1010,,,,0.6828,0.6028
control,200,0.6,0.08,6200013,True,876,,,,0.7133,0.6333
control,200,0.6,0.08,6200014,False,,,,,0.4635,0.3835
control,200,0.6,0.08,6200015,False,,,,,0.5745,0.4945
control,200,0.6,0.08,6200016,False,,,,,0.3744,0.2944
control,200,0.6,0.08,6200017,True,303,,,,0.7420,0.6620
control,200,0.6,0.08,6200018,False,,,,,0.5959,0.5159
control,200,0.6,0.08,6200019,True,96,,,,0.8909,0.8109
control,200,0.6,0.08,6200020,False,,,,,0.4482,0.3682
control,200,0.6,0.08,6200021,False,,,,,0.4688,0.3888
control,200,0.6,0.08,6200022,True,295,,,,0.7385,0.6585
control,200,0.6,0.08,6200023,False,,,,,0.6521,0.5721
control,200,0.6,0.08,6200024,False,,,,,0.6366,0.5566
control,200,0.6,0.08,6200025,False,,,,,0.6554,0.5754
control,200,0.6,0.08,6200026,False,,,,,0.5583,0.4783
control,200,0.6,0.08,6200027,False,,,,,0.6379,0.5579
control,200,0.6,0.08,6200028,True,152,,,,0.7315,0.6515
control,200,0.6,0.08,6200029,False,,,,,0.4712,0.3912
control,200,0.6,0.1,6200000,False,,,,,0.5566,0.4566
control,200,0.6,0.1,6200001,True,141,,,,0.7084,0.6084
control,200,0.6,0.1,6200002,False,,,,,0.5803,0.4803
control,200,0.6,0.1,6200003,False,,,,,0.6665,0.5665
control,200,0.6,0.1,6200004,True,177,,,,0.8052,0.7052
control,200,0.6,0.1,6200005,True,1253,,,,0.7160,0.6160
control,200,0.6,0.1,6200006,False,,,,,0.5893,0.4893
control,200,0.6,0.1,6200007,False,,,,,0.6179,0.5179
control,200,0.6,0.1,6200008,True,1881,,,,0.6906,0.5906
control,200,0.6,0.1,6200009,False,,,,,0.5495,0.4495
control,200,0.6,0.1,6200010,False,,,,,0.5003,0.4003
control,200,0.6,0.1,6200011,True,1167,,,,0.6800,0.5800
control,200,0.6,0.1,6200012,True,1828,,,,0.6828,0.5828
control,200,0.6,0.1,6200013,True,889,,,,0.7133,0.6133
control,200,0.6,0.1,6200014,False,,,,,0.4635,0.3635
control,200,0.6,0.1,6200015,False,,,,,0.5745,0.4745
control,200,0.6,0.1,6200016,False,,,,,0.3744,0.2744
control,200,0.6,0.1,6200017,True,328,,,,0.7420,0.6420
control,200,0.6,0.1,6200018,False,,,,,0.5959,0.4959
control,200,0.6,0.1,6200019,True,98,,,,0.8909,0.7909
control,200,0.6,0.1,6200020,False,,,,,0.4482,0.3482
control,200,0.6,0.1,6200021,False,,,,,0.4688,0.3688
control,200,0.6,0.1,6200022,True,324,,,,0.7385,0.6385
control,200,0.6,0.1,6200023,False,,,,,0.6521,0.5521
control,200,0.6,0.1,6200024,False,,,,,0.6366,0.5366
control,200,0.6,0.1,6200025,False,,,,,0.6554,0.5554
control,200,0.6,0.1,6200026,False,,,,,0.5583,0.4583
control,200,0.6,0.1,6200027,False,,,,,0.6379,0.5379
control,200,0.6,0.1,6200028,True,156,,,,0.7315,0.6315
control,200,0.6,0.1,6200029,False,,,,,0.4712,0.3712
control,200,0.75,0.02,7700000,True,195,,,,0.8030,0.7830
control,200,0.75,0.02,7700001,True,166,,,,0.8469,0.8269
control,200,0.75,0.02,7700002,False,,,,,0.6347,0.6147
control,200,0.75,0.02,7700003,False,,,,,0.6687,0.6487
control,200,0.75,0.02,7700004,True,397,,,,0.8106,0.7906
control,200,0.75,0.02,7700005,True,126,,,,0.8292,0.8092
control,200,0.75,0.02,7700006,True,377,,,,0.8444,0.8244
control,200,0.75,0.02,7700007,True,98,,,,0.8960,0.8760
control,200,0.75,0.02,7700008,True,121,,,,0.8259,0.8059
control,200,0.75,0.02,7700009,False,,,,,0.6982,0.6782
control,200,0.75,0.02,7700010,True,1636,,,,0.7437,0.7237
control,200,0.75,0.02,7700011,True,421,,,,0.7870,0.7670
control,200,0.75,0.02,7700012,True,108,,,,0.8674,0.8474
control,200,0.75,0.02,7700013,True,117,,,,0.8184,0.7984
control,200,0.75,0.02,7700014,False,,,,,0.6990,0.6790
control,200,0.75,0.02,7700015,True,1240,,,,0.7187,0.6987
control,200,0.75,0.02,7700016,True,946,,,,0.7685,0.7485
control,200,0.75,0.02,7700017,True,163,,,,0.8495,0.8295
control,200,0.75,0.02,7700018,True,241,,,,0.7241,0.7041
control,200,0.75,0.02,7700019,True,895,,,,0.7485,0.7285
control,200,0.75,0.02,7700020,True,804,,,,0.7911,0.7711
control,200,0.75,0.02,7700021,True,683,,,,0.7591,0.7391
control,200,0.75,0.02,7700022,False,,,,,0.7387,0.7187
control,200,0.75,0.02,7700023,True,246,,,,0.8614,0.8414
control,200,0.75,0.02,7700024,False,,,,,0.6961,0.6761
control,200,0.75,0.02,7700025,True,82,,,,0.9432,0.9232
control,200,0.75,0.02,7700026,True,753,,,,0.6777,0.6577
control,200,0.75,0.02,7700027,False,,,,,0.6667,0.6467
control,200,0.75,0.02,7700028,False,,,,,0.7403,0.7203
control,200,0.75,0.02,7700029,False,,,,,0.6947,0.6747
control,200,0.75,0.03,7700000,True,198,,,,0.8030,0.7730
control,200,0.75,0.03,7700001,True,171,,,,0.8469,0.8169
control,200,0.75,0.03,7700002,False,,,,,0.6347,0.6047
control,200,0.75,0.03,7700003,False,,,,,0.6687,0.6387
control,200,0.75,0.03,7700004,True,407,,,,0.8106,0.7806
control,200,0.75,0.03,7700005,True,128,,,,0.8292,0.7992
control,200,0.75,0.03,7700006,True,412,,,,0.8444,0.8144
control,200,0.75,0.03,7700007,True,101,,,,0.8960,0.8660
control,200,0.75,0.03,7700008,True,128,,,,0.8259,0.7959
control,200,0.75,0.03,7700009,False,,,,,0.6982,0.6682
control,200,0.75,0.03,7700010,True,1646,,,,0.7437,0.7137
control,200,0.75,0.03,7700011,True,428,,,,0.7870,0.7570
control,200,0.75,0.03,7700012,True,111,,,,0.8674,0.8374
control,200,0.75,0.03,7700013,True,151,,,,0.8184,0.7884
control,200,0.75,0.03,7700014,False,,,,,0.6990,0.6690
control,200,0.75,0.03,7700015,True,1242,,,,0.7187,0.6887
control,200,0.75,0.03,7700016,True,951,,,,0.7685,0.7385
control,200,0.75,0.03,7700017,True,175,,,,0.8495,0.8195
control,200,0.75,0.03,7700018,True,647,,,,0.7241,0.6941
control,200,0.75,0.03,7700019,True,898,,,,0.7485,0.7185
control,200,0.75,0.03,7700020,True,809,,,,0.7911,0.7611
control,200,0.75,0.03,7700021,True,704,,,,0.7591,0.7291
control,200,0.75,0.03,7700022,False,,,,,0.7387,0.7087
control,200,0.75,0.03,7700023,True,253,,,,0.8614,0.8314
control,200,0.75,0.03,7700024,False,,,,,0.6961,0.6661
control,200,0.75,0.03,7700025,True,90,,,,0.9432,0.9132
control,200,0.75,0.03,7700026,True,761,,,,0.6777,0.6477
control,200,0.75,0.03,7700027,False,,,,,0.6667,0.6367
control,200,0.75,0.03,7700028,False,,,,,0.7403,0.7103
control,200,0.75,0.03,7700029,False,,,,,0.6947,0.6647
control,200,0.75,0.05,7700000,True,207,,,,0.8030,0.7530
control,200,0.75,0.05,7700001,True,192,,,,0.8469,0.7969
control,200,0.75,0.05,7700002,False,,,,,0.6347,0.5847
control,200,0.75,0.05,7700003,False,,,,,0.6687,0.6187
control,200,0.75,0.05,7700004,True,526,,,,0.8106,0.7606
control,200,0.75,0.05,7700005,True,129,,,,0.8292,0.7792
control,200,0.75,0.05,7700006,True,441,,,,0.8444,0.7944
control,200,0.75,0.05,7700007,True,106,,,,0.8960,0.8460
control,200,0.75,0.05,7700008,True,320,,,,0.8259,0.7759
control,200,0.75,0.05,7700009,False,,,,,0.6982,0.6482
control,200,0.75,0.05,7700010,True,1671,,,,0.7437,0.6937
control,200,0.75,0.05,7700011,True,455,,,,0.7870,0.7370
control,200,0.75,0.05,7700012,True,129,,,,0.8674,0.8174
control,200,0.75,0.05,7700013,True,172,,,,0.8184,0.7684
control,200,0.75,0.05,7700014,False,,,,,0.6990,0.6490
control,200,0.75,0.05,7700015,False,,,,,0.7187,0.6687
control,200,0.75,0.05,7700016,True,1374,,,,0.7685,0.7185
control,200,0.75,0.05,7700017,True,187,,,,0.8495,0.7995
control,200,0.75,0.05,7700018,True,651,,,,0.7241,0.6741
control,200,0.75,0.05,7700019,True,909,,,,0.7485,0.6985
control,200,0.75,0.05,7700020,True,843,,,,0.7911,0.7411
control,200,0.75,0.05,7700021,True,995,,,,0.7591,0.7091
control,200,0.75,0.05,7700022,False,,,,,0.7387,0.6887
control,200,0.75,0.05,7700023,True,282,,,,0.8614,0.8114
control,200,0.75,0.05,7700024,False,,,,,0.6961,0.6461
control,200,0.75,0.05,7700025,True,95,,,,0.9432,0.8932
control,200,0.75,0.05,7700026,False,,,,,0.6777,0.6277
control,200,0.75,0.05,7700027,False,,,,,0.6667,0.6167
control,200,0.75,0.05,7700028,False,,,,,0.7403,0.6903
control,200,0.75,0.05,7700029,False,,,,,0.6947,0.6447
control,200,0.75,0.08,7700000,True,1126,,,,0.8030,0.7230
control,200,0.75,0.08,7700001,True,259,,,,0.8469,0.7669
control,200,0.75,0.08,7700002,False,,,,,0.6347,0.5547
control,200,0.75,0.08,7700003,False,,,,,0.6687,0.5887
control,200,0.75,0.08,7700004,True,544,,,,0.8106,0.7306
control,200,0.75,0.08,7700005,True,132,,,,0.8292,0.7492
control,200,0.75,0.08,7700006,True,466,,,,0.8444,0.7644
control,200,0.75,0.08,7700007,True,125,,,,0.8960,0.8160
control,200,0.75,0.08,7700008,True,336,,,,0.8259,0.7459
control,200,0.75,0.08,7700009,False,,,,,0.6982,0.6182
control,200,0.75,0.08,7700010,False,,,,,0.7437,0.6637
control,200,0.75,0.08,7700011,True,1874,,,,0.7870,0.7070
control,200,0.75,0.08,7700012,True,417,,,,0.8674,0.7874
control,200,0.75,0.08,7700013,True,589,,,,0.8184,0.7384
control,200,0.75,0.08,7700014,False,,,,,0.6990,0.6190
control,200,0.75,0.08,7700015,False,,,,,0.7187,0.6387
control,200,0.75,0.08,7700016,True,1383,,,,0.7685,0.6885
control,200,0.75,0.08,7700017,True,272,,,,0.8495,0.7695
control,200,0.75,0.08,7700018,False,,,,,0.7241,0.6441
control,200,0.75,0.08,7700019,False,,,,,0.7485,0.6685
control,200,0.75,0.08,7700020,True,865,,,,0.7911,0.7111
control,200,0.75,0.08,7700021,False,,,,,0.7591,0.6791
control,200,0.75,0.08,7700022,False,,,,,0.7387,0.6587
control,200,0.75,0.08,7700023,True,303,,,,0.8614,0.7814
control,200,0.75,0.08,7700024,False,,,,,0.6961,0.6161
control,200,0.75,0.08,7700025,True,158,,,,0.9432,0.8632
control,200,0.75,0.08,7700026,False,,,,,0.6777,0.5977
control,200,0.75,0.08,7700027,False,,,,,0.6667,0.5867
control,200,0.75,0.08,7700028,False,,,,,0.7403,0.6603
control,200,0.75,0.08,7700029,False,,,,,0.6947,0.6147
control,200,0.75,0.1,7700000,True,1667,,,,0.8030,0.7030
control,200,0.75,0.1,7700001,True,372,,,,0.8469,0.7469
control,200,0.75,0.1,7700002,False,,,,,0.6347,0.5347
control,200,0.75,0.1,7700003,False,,,,,0.6687,0.5687
control,200,0.75,0.1,7700004,False,,,,,0.8106,0.7106
control,200,0.75,0.1,7700005,True,136,,,,0.8292,0.7292
control,200,0.75,0.1,7700006,True,479,,,,0.8444,0.7444
control,200,0.75,0.1,7700007,True,131,,,,0.8960,0.7960
control,200,0.75,0.1,7700008,True,574,,,,0.8259,0.7259
control,200,0.75,0.1,7700009,False,,,,,0.6982,0.5982
control,200,0.75,0.1,7700010,False,,,,,0.7437,0.6437
control,200,0.75,0.1,7700011,True,1878,,,,0.7870,0.6870
control,200,0.75,0.1,7700012,True,427,,,,0.8674,0.7674
control,200,0.75,0.1,7700013,True,1690,,,,0.8184,0.7184
control,200,0.75,0.1,7700014,False,,,,,0.6990,0.5990
control,200,0.75,0.1,7700015,False,,,,,0.7187,0.6187
control,200,0.75,0.1,7700016,False,,,,,0.7685,0.6685
control,200,0.75,0.1,7700017,True,285,,,,0.8495,0.7495
control,200,0.75,0.1,7700018,False,,,,,0.7241,0.6241
control,200,0.75,0.1,7700019,False,,,,,0.7485,0.6485
control,200,0.75,0.1,7700020,True,872,,,,0.7911,0.6911
control,200,0.75,0.1,7700021,False,,,,,0.7591,0.6591
control,200,0.75,0.1,7700022,False,,,,,0.7387,0.6387
control,200,0.75,0.1,7700023,True,397,,,,0.8614,0.7614
control,200,0.75,0.1,7700024,False,,,,,0.6961,0.5961
control,200,0.75,0.1,7700025,True,174,,,,0.9432,0.8432
control,200,0.75,0.1,7700026,False,,,,,0.6777,0.5777
control,200,0.75,0.1,7700027,False,,,,,0.6667,0.5667
control,200,0.75,0.1,7700028,False,,,,,0.7403,0.6403
control,200,0.75,0.1,7700029,False,,,,,0.6947,0.5947
control,200,0.85,0.02,8700000,True,182,,,,0.8971,0.8771
control,200,0.85,0.02,8700001,True,530,,,,0.8515,0.8315
control,200,0.85,0.02,8700002,False,,,,,0.7882,0.7682
control,200,0.85,0.02,8700003,False,,,,,0.7458,0.7258
control,200,0.85,0.02,8700004,True,174,,,,0.8916,0.8716
control,200,0.85,0.02,8700005,True,928,,,,0.8588,0.8388
control,200,0.85,0.02,8700006,False,,,,,0.8138,0.7938
control,200,0.85,0.02,8700007,True,907,,,,0.8319,0.8119
control,200,0.85,0.02,8700008,True,582,,,,0.8134,0.7934
control,200,0.85,0.02,8700009,True,191,,,,0.8934,0.8734
control,200,0.85,0.02,8700010,True,631,,,,0.8450,0.8250
control,200,0.85,0.02,8700011,True,123,,,,0.9260,0.9060
control,200,0.85,0.02,8700012,True,246,,,,0.8295,0.8095
control,200,0.85,0.02,8700013,True,1353,,,,0.7936,0.7736
control,200,0.85,0.02,8700014,True,157,,,,0.9436,0.9236
control,200,0.85,0.02,8700015,True,112,,,,0.9025,0.8825
control,200,0.85,0.02,8700016,True,128,,,,0.9198,0.8998
control,200,0.85,0.02,8700017,True,323,,,,0.8760,0.8560
control,200,0.85,0.02,8700018,False,,,,,0.7576,0.7376
control,200,0.85,0.02,8700019,False,,,,,0.7709,0.7509
control,200,0.85,0.02,8700020,True,403,,,,0.8833,0.8633
control,200,0.85,0.02,8700021,True,134,,,,0.9041,0.8841
control,200,0.85,0.02,8700022,True,119,,,,0.9298,0.9098
control,200,0.85,0.02,8700023,True,817,,,,0.8439,0.8239
control,200,0.85,0.02,8700024,True,1434,,,,0.8410,0.8210
control,200,0.85,0.02,8700025,False,,,,,0.6402,0.6202
control,200,0.85,0.02,8700026,True,274,,,,0.8674,0.8474
control,200,0.85,0.02,8700027,True,127,,,,0.9520,0.9320
control,200,0.85,0.02,8700028,True,721,,,,0.8204,0.8004
control,200,0.85,0.02,8700029,True,111,,,,0.9821,0.9621
control,200,0.85,0.03,8700000,True,189,,,,0.8971,0.8671
control,200,0.85,0.03,8700001,True,534,,,,0.8515,0.8215
control,200,0.85,0.03,8700002,False,,,,,0.7882,0.7582
control,200,0.85,0.03,8700003,False,,,,,0.7458,0.7158
control,200,0.85,0.03,8700004,True,180,,,,0.8916,0.8616
control,200,0.85,0.03,8700005,True,930,,,,0.8588,0.8288
control,200,0.85,0.03,8700006,False,,,,,0.8138,0.7838
control,200,0.85,0.03,8700007,True,1065,,,,0.8319,0.8019
control,200,0.85,0.03,8700008,True,588,,,,0.8134,0.7834
control,200,0.85,0.03,8700009,True,207,,,,0.8934,0.8634
control,200,0.85,0.03,8700010,True,1442,,,,0.8450,0.8150
control,200,0.85,0.03,8700011,True,126,,,,0.9260,0.8960
control,200,0.85,0.03,8700012,True,1134,,,,0.8295,0.7995
control,200,0.85,0.03,8700013,True,1374,,,,0.7936,0.7636
control,200,0.85,0.03,8700014,True,160,,,,0.9436,0.9136
control,200,0.85,0.03,8700015,True,113,,,,0.9025,0.8725
control,200,0.85,0.03,8700016,True,130,,,,0.9198,0.8898
control,200,0.85,0.03,8700017,True,334,,,,0.8760,0.8460
control,200,0.85,0.03,8700018,False,,,,,0.7576,0.7276
control,200,0.85,0.03,8700019,False,,,,,0.7709,0.7409
control,200,0.85,0.03,8700020,True,415,,,,0.8833,0.8533
control,200,0.85,0.03,8700021,True,214,,,,0.9041,0.8741
control,200,0.85,0.03,8700022,True,125,,,,0.9298,0.8998
control,200,0.85,0.03,8700023,True,820,,,,0.8439,0.8139
control,200,0.85,0.03,8700024,True,1440,,,,0.8410,0.8110
control,200,0.85,0.03,8700025,False,,,,,0.6402,0.6102
control,200,0.85,0.03,8700026,True,276,,,,0.8674,0.8374
control,200,0.85,0.03,8700027,True,132,,,,0.9520,0.9220
control,200,0.85,0.03,8700028,True,733,,,,0.8204,0.7904
control,200,0.85,0.03,8700029,True,112,,,,0.9821,0.9521
control,200,0.85,0.05,8700000,True,244,,,,0.8971,0.8471
control,200,0.85,0.05,8700001,True,546,,,,0.8515,0.8015
control,200,0.85,0.05,8700002,False,,,,,0.7882,0.7382
control,200,0.85,0.05,8700003,False,,,,,0.7458,0.6958
control,200,0.85,0.05,8700004,True,444,,,,0.8916,0.8416
control,200,0.85,0.05,8700005,False,,,,,0.8588,0.8088
control,200,0.85,0.05,8700006,False,,,,,0.8138,0.7638
control,200,0.85,0.05,8700007,True,1160,,,,0.8319,0.7819
control,200,0.85,0.05,8700008,False,,,,,0.8134,0.7634
control,200,0.85,0.05,8700009,True,368,,,,0.8934,0.8434
control,200,0.85,0.05,8700010,False,,,,,0.8450,0.7950
control,200,0.85,0.05,8700011,True,134,,,,0.9260,0.8760
control,200,0.85,0.05,8700012,False,,,,,0.8295,0.7795
control,200,0.85,0.05,8700013,False,,,,,0.7936,0.7436
control,200,0.85,0.05,8700014,True,166,,,,0.9436,0.8936
control,200,0.85,0.05,8700015,True,120,,,,0.9025,0.8525
control,200,0.85,0.05,8700016,True,188,,,,0.9198,0.8698
control,200,0.85,0.05,8700017,True,798,,,,0.8760,0.8260
control,200,0.85,0.05,8700018,False,,,,,0.7576,0.7076
control,200,0.85,0.05,8700019,False,,,,,0.7709,0.7209
control,200,0.85,0.05,8700020,True,705,,,,0.8833,0.8333
control,200,0.85,0.05,8700021,True,237,,,,0.9041,0.8541
control,200,0.85,0.05,8700022,True,142,,,,0.9298,0.8798
control,200,0.85,0.05,8700023,False,,,,,0.8439,0.7939
control,200,0.85,0.05,8700024,True,1445,,,,0.8410,0.7910
control,200,0.85,0.05,8700025,False,,,,,0.6402,0.5902
control,200,0.85,0.05,8700026,True,280,,,,0.8674,0.8174
control,200,0.85,0.05,8700027,True,146,,,,0.9520,0.9020
control,200,0.85,0.05,8700028,False,,,,,0.8204,0.7704
control,200,0.85,0.05,8700029,True,117,,,,0.9821,0.9321
control,200,0.85,0.08,8700000,True,1351,,,,0.8971,0.8171
control,200,0.85,0.08,8700001,True,882,,,,0.8515,0.7715
control,200,0.85,0.08,8700002,False,,,,,0.7882,0.7082
control,200,0.85,0.08,8700003,False,,,,,0.7458,0.6658
control,200,0.85,0.08,8700004,True,1078,,,,0.8916,0.8116
control,200,0.85,0.08,8700005,False,,,,,0.8588,0.7788
control,200,0.85,0.08,8700006,False,,,,,0.8138,0.7338
control,200,0.85,0.08,8700007,False,,,,,0.8319,0.7519
control,200,0.85,0.08,8700008,False,,,,,0.8134,0.7334
control,200,0.85,0.08,8700009,True,1715,,,,0.8934,0.8134
control,200,0.85,0.08,8700010,False,,,,,0.8450,0.7650
control,200,0.85,0.08,8700011,True,140,,,,0.9260,0.8460
control,200,0.85,0.08,8700012,False,,,,,0.8295,0.7495
control,200,0.85,0.08,8700013,False,,,,,0.7936,0.7136
control,200,0.85,0.08,8700014,True,188,,,,0.9436,0.8636
control,200,0.85,0.08,8700015,True,1967,,,,0.9025,0.8225
control,200,0.85,0.08,8700016,True,373,,,,0.9198,0.8398
control,200,0.85,0.08,8700017,False,,,,,0.8760,0.7960
control,200,0.85,0.08,8700018,False,,,,,0.7576,0.6776
control,200,0.85,0.08,8700019,False,,,,,0.7709,0.6909
control,200,0.85,0.08,8700020,True,711,,,,0.8833,0.8033
control,200,0.85,0.08,8700021,True,795,,,,0.9041,0.8241
control,200,0.85,0.08,8700022,True,220,,,,0.9298,0.8498
control,200,0.85,0.08,8700023,False,,,,,0.8439,0.7639
control,200,0.85,0.08,8700024,False,,,,,0.8410,0.7610
control,200,0.85,0.08,8700025,False,,,,,0.6402,0.5602
control,200,0.85,0.08,8700026,False,,,,,0.8674,0.7874
control,200,0.85,0.08,8700027,True,161,,,,0.9520,0.8720
control,200,0.85,0.08,8700028,False,,,,,0.8204,0.7404
control,200,0.85,0.08,8700029,True,151,,,,0.9821,0.9021
control,200,0.85,0.1,8700000,True,1366,,,,0.8971,0.7971
control,200,0.85,0.1,8700001,True,886,,,,0.8515,0.7515
control,200,0.85,0.1,8700002,False,,,,,0.7882,0.6882
control,200,0.85,0.1,8700003,False,,,,,0.7458,0.6458
control,200,0.85,0.1,8700004,True,1082,,,,0.8916,0.7916
control,200,0.85,0.1,8700005,False,,,,,0.8588,0.7588
control,200,0.85,0.1,8700006,False,,,,,0.8138,0.7138
control,200,0.85,0.1,8700007,False,,,,,0.8319,0.7319
control,200,0.85,0.1,8700008,False,,,,,0.8134,0.7134
control,200,0.85,0.1,8700009,False,,,,,0.8934,0.7934
control,200,0.85,0.1,8700010,False,,,,,0.8450,0.7450
control,200,0.85,0.1,8700011,True,143,,,,0.9260,0.8260
control,200,0.85,0.1,8700012,False,,,,,0.8295,0.7295
control,200,0.85,0.1,8700013,False,,,,,0.7936,0.6936
control,200,0.85,0.1,8700014,True,197,,,,0.9436,0.8436
control,200,0.85,0.1,8700015,False,,,,,0.9025,0.8025
control,200,0.85,0.1,8700016,True,405,,,,0.9198,0.8198
control,200,0.85,0.1,8700017,False,,,,,0.8760,0.7760
control,200,0.85,0.1,8700018,False,,,,,0.7576,0.6576
control,200,0.85,0.1,8700019,False,,,,,0.7709,0.6709
control,200,0.85,0.1,8700020,True,715,,,,0.8833,0.7833
control,200,0.85,0.1,8700021,True,812,,,,0.9041,0.8041
control,200,0.85,0.1,8700022,True,244,,,,0.9298,0.8298
control,200,0.85,0.1,8700023,False,,,,,0.8439,0.7439
control,200,0.85,0.1,8700024,False,,,,,0.8410,0.7410
control,200,0.85,0.1,8700025,False,,,,,0.6402,0.5402
control,200,0.85,0.1,8700026,False,,,,,0.8674,0.7674
control,200,0.85,0.1,8700027,True,570,,,,0.9520,0.8520
control,200,0.85,0.1,8700028,False,,,,,0.8204,0.7204
control,200,0.85,0.1,8700029,True,180,,,,0.9821,0.8821
