{
  "gate": "FX1",
  "pass": false,
  "n_alerts": 2000,
  "n_seeds": 10,
  "tau": 0.1,
  "kernels": [
    "l2",
    "mahalanobis"
  ],
  "results": {
    "centroidal": {
      "l2": {
        "mean_acc": 0.91815,
        "std_acc": 0.005463744137493989,
        "mean_ece": 0.11744738827112314,
        "std_ece": 0.005870425696833055,
        "n_alerts": 2000,
        "n_seeds": 10
      },
      "mahalanobis": {
        "mean_acc": 0.8195,
        "std_acc": 0.008680437776978769,
        "mean_ece": 0.15484947219878037,
        "std_ece": 0.007386000324449227,
        "n_alerts": 2000,
        "n_seeds": 10
      }
    },
    "heavy_tail": {
      "l2": {
        "mean_acc": 0.8426,
        "std_acc": 0.0064761099434768625,
        "mean_ece": 0.06083687715047191,
        "std_ece": 0.005072670468785938,
        "n_alerts": 2000,
        "n_seeds": 10
      },
      "mahalanobis": {
        "mean_acc": 0.7487999999999999,
        "std_acc": 0.01515618685553857,
        "mean_ece": 0.2232902058280562,
        "std_ece": 0.014978428005378836,
        "n_alerts": 2000,
        "n_seeds": 10
      }
    },
    "correlated": {
      "l2": {
        "mean_acc": 0.80425,
        "std_acc": 0.008984013579686978,
        "mean_ece": 0.028111911754329977,
        "std_ece": 0.008402115911292711,
        "n_alerts": 2000,
        "n_seeds": 10
      },
      "mahalanobis": {
        "mean_acc": 0.7326,
        "std_acc": 0.01414001414426451,
        "mean_ece": 0.23937400708051432,
        "std_ece": 0.014078388821972099,
        "n_alerts": 2000,
        "n_seeds": 10
      }
    },
    "overlapping": {
      "l2": {
        "mean_acc": 0.7394000000000001,
        "std_acc": 0.005571355310873648,
        "mean_ece": 0.016638480390021675,
        "std_ece": 0.007039489821309506,
        "n_alerts": 2000,
        "n_seeds": 10
      },
      "mahalanobis": {
        "mean_acc": 0.71815,
        "std_acc": 0.01274764684167239,
        "mean_ece": 0.2622568709865162,
        "std_ece": 0.012354173217437427,
        "n_alerts": 2000,
        "n_seeds": 10
      }
    },
    "combined": {
      "l2": {
        "mean_acc": 0.71455,
        "std_acc": 0.004623040125285538,
        "mean_ece": 0.02554724453508886,
        "std_ece": 0.0038254927707512118,
        "n_alerts": 2000,
        "n_seeds": 10
      },
      "mahalanobis": {
        "mean_acc": 0.7049,
        "std_acc": 0.011477804668141042,
        "mean_ece": 0.27499632852137224,
        "std_ece": 0.010942309741090471,
        "n_alerts": 2000,
        "n_seeds": 10
      }
    }
  },
  "results_per_seed": {
    "centroidal": {
      "l2": {
        "accs": [
          0.91,
          0.9265,
          0.914,
          0.913,
          0.913,
          0.917,
          0.926,
          0.9205,
          0.923,
          0.9185
        ],
        "eces": [
          0.109872,
          0.124184,
          0.114029,
          0.112611,
          0.108906,
          0.119762,
          0.126396,
          0.121449,
          0.122476,
          0.114788
        ]
      },
      "mahalanobis": {
        "accs": [
          0.815,
          0.8305,
          0.8055,
          0.82,
          0.816,
          0.826,
          0.8175,
          0.812,
          0.8365,
          0.816
        ],
        "eces": [
          0.156932,
          0.148961,
          0.169049,
          0.156223,
          0.155495,
          0.148743,
          0.156612,
          0.159962,
          0.139623,
          0.156896
        ]
      }
    },
    "heavy_tail": {
      "l2": {
        "accs": [
          0.852,
          0.8355,
          0.8375,
          0.852,
          0.834,
          0.8415,
          0.8395,
          0.847,
          0.838,
          0.849
        ],
        "eces": [
          0.068246,
          0.055331,
          0.056649,
          0.070313,
          0.055309,
          0.05826,
          0.060655,
          0.06396,
          0.057017,
          0.062627
        ]
      },
      "mahalanobis": {
        "accs": [
          0.766,
          0.762,
          0.742,
          0.738,
          0.745,
          0.7485,
          0.7245,
          0.771,
          0.729,
          0.762
        ],
        "eces": [
          0.203176,
          0.210776,
          0.228372,
          0.231572,
          0.227869,
          0.225062,
          0.248342,
          0.202267,
          0.242813,
          0.212652
        ]
      }
    },
    "correlated": {
      "l2": {
        "accs": [
          0.8195,
          0.7975,
          0.799,
          0.806,
          0.7955,
          0.8005,
          0.7945,
          0.8185,
          0.7985,
          0.813
        ],
        "eces": [
          0.039496,
          0.027003,
          0.019388,
          0.036,
          0.025574,
          0.018671,
          0.019595,
          0.043327,
          0.022256,
          0.02981
        ]
      },
      "mahalanobis": {
        "accs": [
          0.7485,
          0.741,
          0.7315,
          0.717,
          0.7225,
          0.7315,
          0.714,
          0.755,
          0.717,
          0.748
        ],
        "eces": [
          0.222998,
          0.229494,
          0.239132,
          0.251028,
          0.249278,
          0.243239,
          0.257524,
          0.217629,
          0.258354,
          0.225065
        ]
      }
    },
    "overlapping": {
      "l2": {
        "accs": [
          0.741,
          0.731,
          0.748,
          0.739,
          0.7485,
          0.741,
          0.7325,
          0.741,
          0.7345,
          0.7375
        ],
        "eces": [
          0.015994,
          0.021081,
          0.019195,
          0.00416,
          0.016178,
          0.003713,
          0.017106,
          0.020417,
          0.026996,
          0.021545
        ]
      },
      "mahalanobis": {
        "accs": [
          0.7245,
          0.72,
          0.7065,
          0.7095,
          0.7165,
          0.717,
          0.7105,
          0.745,
          0.699,
          0.733
        ],
        "eces": [
          0.257893,
          0.259301,
          0.27186,
          0.268101,
          0.265365,
          0.266243,
          0.268414,
          0.235548,
          0.281967,
          0.247877
        ]
      }
    },
    "combined": {
      "l2": {
        "accs": [
          0.72,
          0.709,
          0.717,
          0.7115,
          0.717,
          0.7195,
          0.707,
          0.7205,
          0.711,
          0.713
        ],
        "eces": [
          0.021553,
          0.030179,
          0.020887,
          0.02417,
          0.026441,
          0.025903,
          0.029587,
          0.019683,
          0.031348,
          0.025721
        ]
      },
      "mahalanobis": {
        "accs": [
          0.712,
          0.711,
          0.695,
          0.692,
          0.704,
          0.702,
          0.6965,
          0.728,
          0.691,
          0.7175
        ],
        "eces": [
          0.269555,
          0.265981,
          0.282879,
          0.285893,
          0.277836,
          0.28121,
          0.282297,
          0.253594,
          0.288536,
          0.262182
        ]
      }
    }
  },
  "combined_per_category_l2": {
    "travel_anomaly": 0.694511,
    "credential_access": 0.659341,
    "threat_intel_match": 0.735225,
    "insider_behavioral": 0.756345,
    "cloud_infrastructure": 0.75
  },
  "centroidal_per_category_l2": {
    "travel_anomaly": 0.930788,
    "credential_access": 0.876374,
    "threat_intel_match": 0.919622,
    "insider_behavioral": 0.926396,
    "cloud_infrastructure": 0.8925
  },
  "degradation_pp_l2": 20.36,
  "mahalanobis_combined_acc": 0.7049,
  "mahalanobis_degradation_pp": 11.46,
  "mahalanobis_delta_vs_l2_pp": -0.965,
  "confidence_bands_combined_l2": {
    "auto_approve": {
      "count": 211,
      "fraction": 0.1055,
      "accuracy": 0.914692
    },